
--
-- 新增买家收货地址
--
delete from `swd_address`;
INSERT INTO `swd_address` (`addr_id`, `user_id`, `consignee`, `region_id`, `region_name`, `address`, `zipcode`, `phone_tel`, `phone_mob`) VALUES 
(1, {buyer_id}, '坂本泉水','343', '中国	广西壮族自治区	  南宁市', '青秀区万象城B座1915号', '200088', '0771-88886666', '13366669999');

--
-- 导出表中的数据 `swd_store`
--
delete from `swd_store`;
INSERT INTO `swd_store` (`store_id`, `store_name`, `owner_name`, `owner_card`, `region_id`, `region_name`, `address`, `zipcode`, `tel`, `sgrade`, `apply_remark`, `credit_value`, `praise_rate`, `domain`, `state`, `close_reason`, `add_time`, `end_time`, `certification`, `sort_order`, `recommended`, `theme`, `store_banner`, `store_logo`, `description`, `image_1`, `image_2`, `image_3`, `im_qq`, `im_ww`, `store_slides`, `wap_store_slides`, `wap_store_banner`, `wap_theme`, `business_scope`, `avg_goods_evaluation`, `avg_service_evaluation`, `avg_shipped_evaluation`, `lat`, `lng`, `nav_color`, `enable_distribution`, `distribution_1`, `distribution_2`, `distribution_3`, `zoom`) VALUES  ({seller_id}, '茵曼旗舰店', '高圆圆', '123456789012345678', '343', '中国	广西壮族自治区	南宁', '青秀区万象城A栋', '100088', '0771-123456', '2', '', '33', '100.00', '', '1', '', '1249543819', '0', '', '66', '1', 'default|default', 'data/files/store_2/other/store_banner.jpg', 'data/files/store_2/other/store_logo.jpg', '', '', '', '', '888888', 'tyioocom', '[]', '[{\"url\":\"data/files/store_2/other/wap_store_slides-1708181822.jpg\",\"link\":\"1\"},{\"url\":\"data/files/store_2/other/wap_store_slides-1991537523.jpg\",\"link\":\"2\"},{\"url\":\"data/files/store_2/other/wap_store_slides-2000619074.jpg\",\"link\":\"3\"}]', 'data/files/store_2/other/wap_store_banner.jpg', '', '女装上衣 t恤 衬衫 长袖 纯色 打底裤', '5.00', '5.00', '5.00', '22.818533', '108.398847', '#FF5722', '1', '5.0', '3.0', '2.0', '18');

--
-- 新增品牌
--
delete from `swd_brand`;
INSERT INTO `swd_brand` (`brand_id`, `brand_name`, `brand_logo`, `sort_order`, `recommended`, `store_id`, `if_show`, `tag`) VALUES 
('15', 'fiyta', 'data/files/mall/brand/15.jpg', '255', '1', '0', '1', '女装'),
('16', '珂兰钻石', 'data/files/mall/brand/16.jpg', '255', '1', '0', '1', '女装'),
('17', 'Zippo', 'data/files/mall/brand/17.png', '255', '1', '0', '1', '女装'),
('18', 'kip', 'data/files/mall/brand/18.png', '255', '1', '0', '1', '女装'),
('19', 'ochir', 'data/files/mall/brand/19.jpg', '255', '1', '0', '1', '女装'),
('20', '劲霸', 'data/files/mall/brand/20.png', '255', '1', '0', '1', '女装'),
('21', '古今', 'data/files/mall/brand/21.jpg', '255', '1', '0', '1', '女装'),
('22', '百丽', 'data/files/mall/brand/22.jpg', '255', '1', '0', '1', '女装'),
('23', '杰克', 'data/files/mall/brand/23.jpg', '255', '1', '0', '1', '男装'),
('24', 'co', 'data/files/mall/brand/24.jpg', '255', '1', '0', '1', '男装'),
('25', '海尔', 'data/files/mall/brand/25.jpg', '255', '1', '0', '1', ''),
('26', '乐视', 'data/files/mall/brand/26.jpg', '255', '1', '0', '1', ''),
('27', '康佳', 'data/files/mall/brand/27.jpg', '255', '1', '0', '1', ''),
('28', '三星', 'data/files/mall/brand/28.jpg', '255', '1', '0', '1', ''),
('29', 'SONY', 'data/files/mall/brand/29.jpg', '255', '1', '0', '1', ''),
('30', '东芝', 'data/files/mall/brand/30.jpg', '255', '1', '0', '1', ''),
('31', '小米', 'data/files/mall/brand/31.jpg', '255', '1', '0', '1', ''),
('32', '飞利浦', 'data/files/mall/brand/32.jpg', '255', '1', '0', '1', ''),
('33', '海信', 'data/files/mall/brand/33.jpg', '255', '1', '0', '1', ''),
('34', '美的', 'data/files/mall/brand/34.jpg', '255', '0', '0', '1', '');

--
-- 导出表中的数据 `swd_category_goods`
--
delete from `swd_category_goods`;

--
-- 导出表中的数据 `swd_category_store`
--
delete from `swd_category_store`;
INSERT INTO `swd_category_store` (`cate_id`, `store_id`) VALUES (2, {seller_id});


--
-- 这个表必须是空的 `swd_gcategory`
--
delete from `swd_gcategory`;
INSERT INTO `swd_gcategory` (`cate_id`, `store_id`, `cate_name`, `parent_id`, `sort_order`, `if_show`, `groupid`, `eval_tips`, `eval_templates`) VALUES
(1, 0, '童装童鞋', 0, 13, 1, 6, '', ''),
(2, 0, '女装', 0, 5, 1, 3, '价格超值,做工精良,穿戴舒服,使命必达, 简洁漂亮', ''),
(3, 0, '男装', 0, 6, 1, 3, '', ''),
(4, 0, '内衣', 0, 7, 1, 3, '', ''),
(5, 0, '配饰', 1, 255, 1, 0, '', ''),
(6, 0, '童装童鞋', 1, 255, 1, 0, '', ''),
(1712, 0, '润肤', 1710, 255, 1, 0, '', ''),
(1711, 0, '沐浴', 1710, 255, 1, 0, '', ''),
(1710, 0, '身体护肤', 134, 255, 1, 0, '', ''),
(1709, 0, '套装', 1703, 255, 1, 0, '', ''),
(1708, 0, '假发', 1703, 255, 1, 0, '', ''),
(1707, 0, '造型', 1703, 255, 1, 0, '', ''),
(1706, 0, '染发', 1703, 255, 1, 0, '', ''),
(1705, 0, '护发', 1703, 255, 1, 0, '', ''),
(1704, 0, '洗发', 1703, 255, 1, 0, '', ''),
(1694, 0, '洁面', 1692, 255, 1, 0, '', ''),
(1693, 0, '卸妆', 1692, 255, 1, 0, '', ''),
(1692, 0, '面部护肤', 134, 255, 1, 0, '', ''),
(21, 0, '家用电器、五金', 0, 1, 1, 1, '外观美观,性能强大', '外观美观,性能强大'),
(22, 0, '大家电', 21, 255, 1, 0, '', ''),
(1325, 0, '养生壶/煎药壶', 1313, 255, 1, 0, '', ''),
(1324, 0, '电饼铛', 1313, 255, 1, 0, '', ''),
(1323, 0, '料理机', 1313, 255, 1, 0, '', ''),
(1322, 0, '榨汁机', 1313, 255, 1, 0, '', ''),
(1321, 0, '面包机', 1313, 255, 1, 0, '', ''),
(1320, 0, '咖啡机', 1313, 255, 1, 0, '', ''),
(1319, 0, '豆浆机', 1313, 255, 1, 0, '', ''),
(1318, 0, '电压力锅', 1313, 255, 1, 0, '', ''),
(1317, 0, '电磁炉', 1313, 255, 1, 0, '', ''),
(1316, 0, '电烤箱', 1313, 255, 1, 0, '', ''),
(1315, 0, '微波炉', 1313, 255, 1, 0, '', ''),
(1314, 0, '电饭锅', 1313, 255, 1, 0, '', ''),
(1313, 0, '厨房小电', 21, 255, 1, 0, '', ''),
(57, 0, '手机', 0, 2, 1, 2, '外观美观,性能强大,照相清晰,视频资源丰富,画面清晰,性价比高', '外观美观,超喜欢,性能强大很赞,照相清晰非常好,视频资源丰富大爱,画面清晰,非常流畅,性价比高'),
(58, 0, '手机通讯', 57, 255, 1, 0, '', ''),
(60, 0, '运营商', 57, 255, 1, 0, '', ''),
(61, 0, '手机配件', 57, 255, 1, 0, '', ''),
(62, 0, '摄影摄像', 63, 255, 1, 0, '', ''),
(63, 0, '数码', 0, 3, 1, 2, '', ''),
(64, 0, '影音娱乐', 63, 255, 1, 0, '', ''),
(65, 0, '智能设备', 63, 255, 1, 0, '', ''),
(1231, 0, '合约机', 60, 255, 1, 0, '', ''),
(2543, 0, '儿童玩具', 0, 13, 1, 6, '', ''),
(1238, 0, '对讲机', 58, 255, 1, 0, '', ''),
(1229, 0, '手机', 58, 255, 1, 0, '', ''),
(73, 0, '电脑办公', 0, 14, 1, 7, '', ''),
(1436, 0, '路由器', 1435, 255, 1, 0, '', ''),
(1435, 0, '网络产品', 73, 255, 1, 0, '', ''),
(1412, 0, '组装电脑', 1398, 255, 1, 0, '', ''),
(1411, 0, '装机配件', 1398, 255, 1, 0, '', ''),
(1410, 0, '散热器', 1398, 255, 1, 0, '', ''),
(1409, 0, '声卡/扩展卡', 1398, 255, 1, 0, '', ''),
(1408, 0, '刻录机/光驱', 1398, 255, 1, 0, '', ''),
(1407, 0, '显示器', 1398, 255, 1, 0, '', ''),
(1406, 0, '电源', 1398, 255, 1, 0, '', ''),
(1404, 0, '内存', 1398, 255, 1, 0, '', ''),
(1405, 0, '机箱', 1398, 255, 1, 0, '', ''),
(1403, 0, 'SSD固态硬盘', 1398, 255, 1, 0, '', ''),
(1402, 0, '硬盘', 1398, 255, 1, 0, '', ''),
(1401, 0, '显卡', 1398, 255, 1, 0, '', ''),
(1400, 0, '主板', 1398, 255, 1, 0, '', ''),
(1399, 0, 'CPU', 1398, 255, 1, 0, '', ''),
(1398, 0, '电脑配件', 73, 255, 1, 0, '', ''),
(1397, 0, '笔记本配件', 1389, 255, 1, 0, '', ''),
(1396, 0, '服务器/工作站', 1389, 255, 1, 0, '', ''),
(1395, 0, '一体机', 1389, 255, 1, 0, '', ''),
(1394, 0, '台式机', 1389, 255, 1, 0, '', ''),
(134, 0, '个护化妆', 0, 15, 1, 8, '', ''),
(1703, 0, '洗发护发', 134, 255, 1, 0, '', ''),
(1702, 0, '套装', 1692, 255, 1, 0, '', ''),
(1701, 0, '剃须', 1692, 255, 1, 0, '', ''),
(1700, 0, '面膜', 1692, 255, 1, 0, '', ''),
(1699, 0, '防晒', 1692, 255, 1, 0, '', ''),
(1698, 0, '眼霜', 1692, 255, 1, 0, '', ''),
(1697, 0, '精华', 1692, 255, 1, 0, '', ''),
(1696, 0, '乳液面霜', 1692, 255, 1, 0, '', ''),
(1695, 0, '爽肤水', 1692, 255, 1, 0, '', ''),
(162, 0, '箱包珠宝', 0, 12, 1, 5, '', ''),
(1769, 0, '拖鞋/人字拖', 1762, 255, 1, 0, '', ''),
(1768, 0, '凉鞋', 1762, 255, 1, 0, '', ''),
(1767, 0, '妈妈鞋', 1762, 255, 1, 0, '', ''),
(1766, 0, '鱼嘴鞋', 1762, 255, 1, 0, '', ''),
(1765, 0, '帆布鞋', 1762, 255, 1, 0, '', ''),
(1764, 0, '休闲鞋', 1762, 255, 1, 0, '', ''),
(1763, 0, '单鞋', 1762, 255, 1, 0, '', ''),
(1762, 0, '时尚女鞋', 2541, 255, 1, 0, '', ''),
(172, 0, '家具家装', 0, 8, 1, 4, '', ''),
(1487, 0, '家装建材', 172, 255, 1, 0, '', ''),
(1486, 0, '茶具/咖啡具', 1480, 255, 1, 0, '', ''),
(1485, 0, '餐具', 1480, 255, 1, 0, '', ''),
(1484, 0, '水具酒具', 1480, 255, 1, 0, '', ''),
(1483, 0, '厨房配件', 1480, 255, 1, 0, '', ''),
(1482, 0, '刀剪菜板', 1480, 255, 1, 0, '', ''),
(1481, 0, '烹饪锅具', 1480, 255, 1, 0, '', ''),
(1480, 0, '厨具', 172, 255, 1, 0, '', ''),
(185, 0, '运动户外、钟表', 0, 255, 1, 9, '', ''),
(1886, 0, '运动套装', 1882, 255, 1, 0, '', ''),
(1885, 0, '健身服', 1882, 255, 1, 0, '', ''),
(1884, 0, '运动裤', 1882, 255, 1, 0, '', ''),
(1883, 0, 'T恤', 1882, 255, 1, 0, '', ''),
(1882, 0, '运动服饰', 185, 255, 1, 0, '', ''),
(1993, 0, '豪华车', 1987, 255, 1, 0, '', ''),
(1879, 0, '乒羽网鞋', 1870, 255, 1, 0, '', ''),
(1878, 0, '足球鞋', 1870, 255, 1, 0, '', ''),
(1877, 0, '运动包', 1870, 255, 1, 0, '', ''),
(1876, 0, '拖鞋', 1870, 255, 1, 0, '', ''),
(1875, 0, '板鞋', 1870, 255, 1, 0, '', ''),
(1874, 0, '帆布鞋', 1870, 255, 1, 0, '', ''),
(1873, 0, '篮球鞋', 1870, 255, 1, 0, '', ''),
(1872, 0, '休闲鞋', 1870, 255, 1, 0, '', ''),
(1871, 0, '跑步鞋', 1870, 255, 1, 0, '', ''),
(1870, 0, '运动鞋包', 185, 255, 1, 0, '', ''),
(206, 0, '汽车、汽车用品', 0, 255, 1, 10, '', ''),
(2010, 0, '天津一汽', 2005, 255, 1, 0, '', ''),
(2009, 0, '红旗', 2005, 255, 1, 0, '', ''),
(2008, 0, '一汽丰田', 2005, 255, 1, 0, '', ''),
(2007, 0, '东风标致', 2005, 255, 1, 0, '', ''),
(2006, 0, '宝马', 2005, 255, 1, 0, '', ''),
(2005, 0, '汽车品牌', 206, 255, 1, 0, '', ''),
(2004, 0, '40万以上', 1997, 255, 1, 0, '', ''),
(2003, 0, '25-40万', 1997, 255, 1, 0, '', ''),
(2002, 0, '15-25万', 1997, 255, 1, 0, '', ''),
(2001, 0, '10-15万', 1997, 255, 1, 0, '', ''),
(2000, 0, '8-10万', 1997, 255, 1, 0, '', ''),
(1987, 0, '汽车车型', 206, 255, 1, 0, '', ''),
(221, 0, '母婴用品、洗护', 0, 255, 1, 11, '', ''),
(2094, 0, '特殊配方奶粉', 2088, 255, 1, 0, '', ''),
(2093, 0, '孕妈奶粉', 2088, 255, 1, 0, '', ''),
(2092, 0, '4段', 2088, 255, 1, 0, '', ''),
(2217, 0, '鸡翅', 2215, 255, 1, 0, '', ''),
(2090, 0, '2段', 2088, 255, 1, 0, '', ''),
(2089, 0, '1段', 2088, 255, 1, 0, '', ''),
(2088, 0, '奶粉', 221, 255, 1, 0, '', ''),
(230, 0, '生鲜特产、烟酒饮料', 0, 255, 1, 12, '', ''),
(2213, 0, '牛肉卷', 2206, 255, 1, 0, '', ''),
(2212, 0, '牛腱', 2206, 255, 1, 0, '', ''),
(2211, 0, '牛腩', 2206, 255, 1, 0, '', ''),
(2210, 0, '牛排', 2206, 255, 1, 0, '', ''),
(2209, 0, '羊肉', 2206, 255, 1, 0, '', ''),
(2208, 0, '猪肉', 2206, 255, 1, 0, '', ''),
(2207, 0, '牛肉', 2206, 255, 1, 0, '', ''),
(2206, 0, '猪牛羊肉', 230, 255, 1, 0, '', ''),
(2205, 0, '红虾', 2194, 255, 1, 0, '', ''),
(2204, 0, '扇贝', 2194, 255, 1, 0, '', ''),
(2203, 0, '鳕鱼', 2194, 255, 1, 0, '', ''),
(2202, 0, '北极甜虾', 2194, 255, 1, 0, '', ''),
(2201, 0, '三文鱼', 2194, 255, 1, 0, '', ''),
(2200, 0, '海产干货', 2194, 255, 1, 0, '', ''),
(2199, 0, '海参', 2194, 255, 1, 0, '', ''),
(2198, 0, '贝类', 2194, 255, 1, 0, '', ''),
(2197, 0, '蟹类', 2194, 255, 1, 0, '', ''),
(2196, 0, '鱼类', 2194, 255, 1, 0, '', ''),
(2195, 0, '虾类', 2194, 255, 1, 0, '', ''),
(2194, 0, '海鲜水产', 230, 255, 1, 0, '', ''),
(2193, 0, '葱姜蒜椒', 2183, 255, 1, 0, '', ''),
(2192, 0, '鲜菌菇', 2183, 255, 1, 0, '', ''),
(2191, 0, '根茎类', 2183, 255, 1, 0, '', ''),
(2187, 0, '大樱桃', 2183, 255, 1, 0, '', ''),
(2186, 0, '芒果', 2183, 255, 1, 0, '', ''),
(2185, 0, '奇异果', 2183, 255, 1, 0, '', ''),
(2184, 0, '苹果', 2183, 255, 1, 0, '', ''),
(2183, 0, '水果蔬菜', 230, 255, 1, 0, '', ''),
(2190, 0, '茄果瓜类', 2183, 255, 1, 0, '', ''),
(2189, 0, '叶菜类', 2183, 255, 1, 0, '', ''),
(2188, 0, '时令水果', 2183, 255, 1, 0, '', ''),
(272, 0, '医药保健、计生、器械', 0, 255, 1, 13, '', ''),
(2289, 0, '口腔用药', 2282, 255, 1, 0, '', ''),
(2288, 0, '眼科用药', 2282, 255, 1, 0, '', ''),
(2287, 0, '耳鼻喉用药', 2282, 255, 1, 0, '', ''),
(2286, 0, '止痛镇痛', 2282, 255, 1, 0, '', ''),
(2285, 0, '补气养血', 2282, 255, 1, 0, '', ''),
(2284, 0, '补肾壮阳', 2282, 255, 1, 0, '', ''),
(2283, 0, '感冒咳嗽', 2282, 255, 1, 0, '', ''),
(2282, 0, '中西药品', 272, 255, 1, 0, '', ''),
(1200, {seller_id}, '电视', 0, 1, 1, 0, '', ''),
(1201, {seller_id}, '70英寸及以上', 1200, 1, 1, 0, '', ''),
(1202, {seller_id}, '65英寸', 1200, 2, 1, 0, '', ''),
(1203, {seller_id}, '58-60英寸', 1200, 3, 1, 0, '', ''),
(1204, {seller_id}, '空调', 0, 2, 1, 0, '', ''),
(1205, {seller_id}, '1P（约8-14m^2）', 1204, 1, 1, 0, '', ''),
(1206, {seller_id}, '1.5 P（约12-23m^2）', 1204, 2, 1, 0, '', ''),
(1207, {seller_id}, '手机数码', 0, 3, 1, 0, '', ''),
(1208, {seller_id}, '小米', 1207, 1, 1, 0, '', ''),
(1209, {seller_id}, '苹果', 1207, 2, 1, 0, '', ''),
(1210, 0, '图书音像、教育', 0, 255, 1, 14, '', ''),
(1211, 0, '充值票务、旅游签证', 0, 255, 1, 15, '', ''),
(1212, 0, '女装', 2, 255, 1, 0, '', ''),
(1213, 0, 'T恤', 1212, 255, 1, 0, '', ''),
(2534, {seller_id}, '华为', 1207, 255, 1, 0, '', ''),
(1219, 0, '冰箱', 22, 255, 1, 0, '', ''),
(1217, 0, '平板电视', 22, 255, 1, 0, '', ''),
(1218, 0, '空调', 22, 255, 1, 0, '', ''),
(1220, 0, '洗衣机', 22, 255, 1, 0, '', ''),
(1221, 0, '家庭影院', 22, 255, 1, 0, '', ''),
(1222, 0, 'DVD', 22, 255, 1, 0, '', ''),
(1223, 0, '迷你音响', 22, 255, 1, 0, '', ''),
(1224, 0, '冷柜/冰吧', 22, 255, 1, 0, '', ''),
(1225, 0, '酒柜', 22, 255, 1, 0, '', ''),
(1226, 0, '家电配件', 22, 255, 1, 0, '', ''),
(1242, 0, '办套餐', 60, 255, 1, 0, '', ''),
(1243, 0, '选号码', 60, 255, 1, 0, '', ''),
(1232, 0, '手机电池', 61, 255, 1, 0, '', ''),
(1248, 0, '移动电源', 61, 255, 1, 0, '', ''),
(1249, 0, '蓝牙耳机', 61, 255, 1, 0, '', ''),
(1250, 0, '充电器', 61, 255, 1, 0, '', ''),
(1233, 0, '数码相机', 62, 255, 1, 0, '', ''),
(1262, 0, '单电/微单相机', 62, 255, 1, 0, '', ''),
(1263, 0, '单反相机', 62, 255, 1, 0, '', ''),
(1264, 0, '拍立得', 62, 255, 1, 0, '', ''),
(1234, 0, '存储卡', 2542, 255, 1, 0, '', ''),
(1272, 0, '读卡器', 2542, 255, 1, 0, '', ''),
(1273, 0, '支架', 2542, 255, 1, 0, '', ''),
(1274, 0, '滤镜', 2542, 255, 1, 0, '', ''),
(1275, 0, '闪光灯/手柄', 2542, 255, 1, 0, '', ''),
(1235, 0, '耳机/耳麦', 64, 255, 1, 0, '', ''),
(1282, 0, '音箱/音响', 64, 255, 1, 0, '', ''),
(1283, 0, '便携/无线音箱', 64, 255, 1, 0, '', ''),
(1236, 0, '智能手环', 65, 255, 1, 0, '', ''),
(1288, 0, '智能手表', 65, 255, 1, 0, '', ''),
(1289, 0, '智能眼镜', 65, 255, 1, 0, '', ''),
(1290, 0, '智能机器人', 65, 255, 1, 0, '', ''),
(1239, 0, '以旧换新', 58, 255, 1, 0, '', ''),
(1240, 0, '手机维修', 58, 255, 1, 0, '', ''),
(1244, 0, '装宽带', 60, 255, 1, 0, '', ''),
(1245, 0, '中国移动', 58, 255, 1, 0, '', ''),
(1246, 0, '中国联通', 60, 255, 1, 0, '', ''),
(1247, 0, '中国电信', 60, 255, 1, 0, '', ''),
(1251, 0, '数据线', 61, 255, 1, 0, '', ''),
(1252, 0, '手机耳机', 61, 255, 1, 0, '', ''),
(1253, 0, '手机支架', 61, 255, 1, 0, '', ''),
(1254, 0, '贴膜', 61, 255, 1, 0, '', ''),
(1255, 0, '手机储存卡', 61, 255, 1, 0, '', ''),
(1256, 0, '保护套', 61, 255, 1, 0, '', ''),
(1257, 0, '车载配件', 61, 255, 1, 0, '', ''),
(1258, 0, '苹果周边', 61, 255, 1, 0, '', ''),
(1259, 0, '创意配件', 61, 255, 1, 0, '', ''),
(1260, 0, '手机饰品', 61, 255, 1, 0, '', ''),
(1261, 0, '拍照配件', 61, 255, 1, 0, '', ''),
(1265, 0, '运动相机', 62, 255, 1, 0, '', ''),
(1266, 0, '摄像机', 62, 255, 1, 0, '', ''),
(1267, 0, '镜头', 62, 255, 1, 0, '', ''),
(1268, 0, '户外器材', 62, 255, 1, 0, '', ''),
(1269, 0, '影棚器材', 62, 255, 1, 0, '', ''),
(1270, 0, '冲印服务', 62, 255, 1, 0, '', ''),
(1271, 0, '数码相框', 62, 255, 1, 0, '', ''),
(1276, 0, '相机包', 2542, 255, 1, 0, '', ''),
(1809, 0, '商务公文包', 1808, 255, 1, 0, '', ''),
(1278, 0, '相机清洁/贴膜', 2542, 255, 1, 0, '', ''),
(1279, 0, '机身附件', 2542, 255, 1, 0, '', ''),
(1280, 0, '镜头附件', 2542, 255, 1, 0, '', ''),
(1281, 0, '电池/充电器', 2542, 255, 1, 0, '', ''),
(1284, 0, '收音机', 64, 255, 1, 0, '', ''),
(1285, 0, '麦克风', 64, 255, 1, 0, '', ''),
(1286, 0, 'MP3/MP4', 64, 255, 1, 0, '', ''),
(1287, 0, '专业音频', 64, 255, 1, 0, '', ''),
(1291, 0, '运动跟踪器', 65, 255, 1, 0, '', ''),
(1292, 0, '健康监测', 65, 255, 1, 0, '', ''),
(1293, 0, '智能配饰', 65, 255, 1, 0, '', ''),
(1294, 0, '智能家居', 65, 255, 1, 0, '', ''),
(1295, 0, '体感车', 65, 255, 1, 0, '', ''),
(1296, 0, '无人机', 65, 255, 1, 0, '', ''),
(1297, 0, '其他配件', 65, 255, 1, 0, '', ''),
(1304, 0, '厨卫大电', 21, 255, 1, 0, '', ''),
(1305, 0, '油烟机', 1304, 255, 1, 0, '', ''),
(1306, 0, '燃气灶', 1304, 255, 1, 0, '', ''),
(1307, 0, '烟灶套装', 1304, 255, 1, 0, '', ''),
(1308, 0, '消毒柜', 1304, 255, 1, 0, '', ''),
(1309, 0, '洗碗机', 1304, 255, 1, 0, '', ''),
(1310, 0, '电热水器', 1304, 255, 1, 0, '', ''),
(1311, 0, '燃气热水器', 1304, 255, 1, 0, '', ''),
(1312, 0, '嵌入式厨电', 1304, 255, 1, 0, '', ''),
(1326, 0, '酸奶机', 1313, 255, 1, 0, '', ''),
(1327, 0, '煮蛋器', 1313, 255, 1, 0, '', ''),
(1328, 0, '电水壶/热水瓶', 1313, 255, 1, 0, '', ''),
(1329, 0, '电炖锅', 1313, 255, 1, 0, '', ''),
(1330, 0, '多用途锅', 1313, 255, 1, 0, '', ''),
(1331, 0, '电烧烤炉', 1313, 255, 1, 0, '', ''),
(1332, 0, '电热饭盒', 1313, 255, 1, 0, '', ''),
(1333, 0, '其他厨房电器', 1313, 255, 1, 0, '', ''),
(1334, 0, '生活电器', 21, 255, 1, 0, '', ''),
(1335, 0, '电风扇', 1334, 255, 1, 0, '', ''),
(1336, 0, '冷风扇', 1334, 255, 1, 0, '', ''),
(1337, 0, '吸尘器', 1334, 255, 1, 0, '', ''),
(1338, 0, '净化器', 1334, 255, 1, 0, '', ''),
(1339, 0, '扫地机器人', 1334, 255, 1, 0, '', ''),
(1340, 0, '加湿器', 1334, 255, 1, 0, '', ''),
(1341, 0, '挂烫机/烫斗', 1334, 255, 1, 0, '', ''),
(1342, 0, '取暖电器', 1334, 255, 1, 0, '', ''),
(1343, 0, '插座', 1334, 255, 1, 0, '', ''),
(1344, 0, '电话机', 1334, 255, 1, 0, '', ''),
(1345, 0, '净水器', 1334, 255, 1, 0, '', ''),
(1346, 0, '饮水机', 1334, 255, 1, 0, '', ''),
(1347, 0, '除湿机', 1334, 255, 1, 0, '', ''),
(1348, 0, '干衣机', 1334, 255, 1, 0, '', ''),
(1349, 0, '清洁机', 1334, 255, 1, 0, '', ''),
(1350, 0, '收录/音机', 1334, 255, 1, 0, '', ''),
(1351, 0, '其他生活电器', 1334, 255, 1, 0, '', ''),
(1352, 0, '生活电器配件', 1334, 255, 1, 0, '', ''),
(1353, 0, '个护健康', 21, 255, 1, 0, '', ''),
(1354, 0, '剃须刀', 1353, 255, 1, 0, '', ''),
(1355, 0, '口腔护理', 1353, 255, 1, 0, '', ''),
(1356, 0, '电吹风', 1353, 255, 1, 0, '', ''),
(1357, 0, '美容器', 1353, 255, 1, 0, '', ''),
(1358, 0, '卷/直发器', 1353, 255, 1, 0, '', ''),
(1359, 0, '理发器', 1353, 255, 1, 0, '', ''),
(1360, 0, '剃/脱毛器', 1353, 255, 1, 0, '', ''),
(1361, 0, '足浴盆', 1353, 255, 1, 0, '', ''),
(1362, 0, '健康秤/厨房秤', 1353, 255, 1, 0, '', ''),
(1363, 0, '按摩器', 1353, 255, 1, 0, '', ''),
(1364, 0, '按摩椅', 1353, 255, 1, 0, '', ''),
(1365, 0, '血压计', 1353, 255, 1, 0, '', ''),
(1366, 0, '血糖仪', 1353, 255, 1, 0, '', ''),
(1367, 0, '体温计', 1353, 255, 1, 0, '', ''),
(1368, 0, '计步器/脂肪检测仪', 1353, 255, 1, 0, '', ''),
(1369, 0, '其他健康电器', 1353, 255, 1, 0, '', ''),
(1370, 0, '五金家装', 21, 255, 1, 0, '', ''),
(1371, 0, '电动工具', 1370, 255, 1, 0, '', ''),
(1372, 0, '手动工具', 1370, 255, 1, 0, '', ''),
(1373, 0, '仪器仪表', 1370, 255, 1, 0, '', ''),
(1374, 0, '浴霸/排气扇', 1370, 255, 1, 0, '', ''),
(1375, 0, '灯具', 1370, 255, 1, 0, '', ''),
(1376, 0, 'LED灯', 1370, 255, 1, 0, '', ''),
(1377, 0, '洁身器', 1370, 255, 1, 0, '', ''),
(1378, 0, '水槽', 1370, 255, 1, 0, '', ''),
(1379, 0, '龙头', 1370, 255, 1, 0, '', ''),
(1380, 0, '沐浴花洒', 1370, 255, 1, 0, '', ''),
(1381, 0, '厨卫五金', 1370, 255, 1, 0, '', ''),
(1382, 0, '家具五金', 1370, 255, 1, 0, '', ''),
(1383, 0, '门铃', 1370, 255, 1, 0, '', ''),
(1384, 0, '电器开关', 1370, 255, 1, 0, '', ''),
(1385, 0, '插座', 1370, 255, 1, 0, '', ''),
(1386, 0, '电工电料', 1370, 255, 1, 0, '', ''),
(1387, 0, '监控安防', 1370, 255, 1, 0, '', ''),
(1388, 0, '电线/线缆', 1370, 255, 1, 0, '', ''),
(1389, 0, '电脑整机', 73, 255, 1, 0, '', ''),
(1390, 0, '笔记本', 1389, 255, 1, 0, '', ''),
(1391, 0, '游戏本', 1389, 255, 1, 0, '', ''),
(1392, 0, '平板电脑', 1389, 255, 1, 0, '', ''),
(1393, 0, '平板电脑配件', 1389, 255, 1, 0, '', ''),
(1437, 0, '网卡', 1435, 255, 1, 0, '', ''),
(1438, 0, '交换机', 1435, 255, 1, 0, '', ''),
(1439, 0, '网络储存', 1435, 255, 1, 0, '', ''),
(1440, 0, '4G/3G上网', 1435, 255, 1, 0, '', ''),
(1441, 0, '网络盒子', 1435, 255, 1, 0, '', ''),
(1442, 0, '网络配件', 1435, 255, 1, 0, '', ''),
(1443, 0, '办公设备', 73, 255, 1, 0, '', ''),
(1444, 0, '投影机', 1443, 255, 1, 0, '', ''),
(1445, 0, '投影配件', 1443, 255, 1, 0, '', ''),
(1446, 0, '多功能一体机', 1443, 255, 1, 0, '', ''),
(1447, 0, '打印机', 1443, 255, 1, 0, '', ''),
(1448, 0, '传真设备', 1443, 255, 1, 0, '', ''),
(1449, 0, '验钞/点钞机', 1443, 255, 1, 0, '', ''),
(1450, 0, '扫描设备', 1443, 255, 1, 0, '', ''),
(1451, 0, '复合机', 1443, 255, 1, 0, '', ''),
(1452, 0, '碎纸机', 1443, 255, 1, 0, '', ''),
(1453, 0, '考勤机', 1443, 255, 1, 0, '', ''),
(1454, 0, '收款/POS机', 1443, 255, 1, 0, '', ''),
(1455, 0, '会议音频视频', 1443, 255, 1, 0, '', ''),
(1456, 0, '保险柜', 1443, 255, 1, 0, '', ''),
(1457, 0, '装订/封装机', 1443, 255, 1, 0, '', ''),
(1458, 0, '安防监控', 1443, 255, 1, 0, '', ''),
(1459, 0, '办公家具', 1443, 255, 1, 0, '', ''),
(1460, 0, '白板', 1443, 255, 1, 0, '', ''),
(1461, 0, '文具耗材', 2546, 255, 1, 0, '', ''),
(1462, 0, '硒鼓/墨粉', 1461, 255, 1, 0, '', ''),
(1463, 0, '墨盒', 1461, 255, 1, 0, '', ''),
(1464, 0, '色带', 1461, 255, 1, 0, '', ''),
(1465, 0, '纸类', 1461, 255, 1, 0, '', ''),
(1466, 0, '办公文具', 1461, 255, 1, 0, '', ''),
(1467, 0, '学生文具', 1461, 255, 1, 0, '', ''),
(1468, 0, '文件管理', 1461, 255, 1, 0, '', ''),
(1469, 0, '本册/便签', 1461, 255, 1, 0, '', ''),
(1470, 0, '计算器', 1461, 255, 1, 0, '', ''),
(1471, 0, '笔类', 1443, 255, 1, 0, '', ''),
(1472, 0, '画具画材', 1461, 255, 1, 0, '', ''),
(1473, 0, '财会用品', 1461, 255, 1, 0, '', ''),
(1474, 0, '刻录盘片/附件', 1461, 255, 1, 0, '', ''),
(1488, 0, '灯饰照明', 1487, 255, 1, 0, '', ''),
(1489, 0, '厨房卫浴', 1487, 255, 1, 0, '', ''),
(1490, 0, '五金工具', 1487, 255, 1, 0, '', ''),
(1491, 0, '电工电料', 1487, 255, 1, 0, '', ''),
(1492, 0, '墙地面材料', 1487, 255, 1, 0, '', ''),
(1493, 0, '装饰材料', 1487, 255, 1, 0, '', ''),
(1494, 0, '装修服务', 1487, 255, 1, 0, '', ''),
(1495, 0, '吸顶灯', 1487, 255, 1, 0, '', ''),
(1496, 0, '沐浴花洒', 1487, 255, 1, 0, '', ''),
(1497, 0, '开关插座', 1487, 255, 1, 0, '', ''),
(1498, 0, '油漆材料', 1487, 255, 1, 0, '', ''),
(1499, 0, '龙头', 1487, 255, 1, 0, '', ''),
(1500, 0, '家纺装饰', 0, 9, 1, 4, '', ''),
(1501, 0, '床品套件', 1513, 255, 1, 0, '', ''),
(1502, 0, '被子', 1513, 255, 1, 0, '', ''),
(1503, 0, '枕芯', 1513, 255, 1, 0, '', ''),
(1504, 0, '蚊帐', 1513, 255, 1, 0, '', ''),
(1505, 0, '凉席', 1513, 255, 1, 0, '', ''),
(1506, 0, '毛巾浴巾', 1513, 255, 1, 0, '', ''),
(1507, 0, '床单被罩', 1513, 255, 1, 0, '', ''),
(1508, 0, '床垫/床褥', 1513, 255, 1, 0, '', ''),
(1509, 0, '毯子', 1513, 255, 1, 0, '', ''),
(1510, 0, '抱枕靠垫', 1513, 255, 1, 0, '', ''),
(1511, 0, '窗帘/窗纱', 1513, 255, 1, 0, '', ''),
(1512, 0, '电热毯', 1513, 255, 1, 0, '', ''),
(1513, 0, '布艺软饰', 1513, 255, 1, 0, '', ''),
(1514, 0, '家具', 172, 255, 1, 0, '', ''),
(1515, 0, '卧室家具', 1514, 255, 1, 0, '', ''),
(1516, 0, '客厅家具', 1514, 255, 1, 0, '', ''),
(1517, 0, '餐厅家具', 1514, 255, 1, 0, '', ''),
(1518, 0, '书房家具', 1514, 255, 1, 0, '', ''),
(1519, 0, '儿童家具', 1514, 255, 1, 0, '', ''),
(1520, 0, '储物家具', 1514, 255, 1, 0, '', ''),
(1521, 0, '阳台/户外', 1514, 255, 1, 0, '', ''),
(1522, 0, '商业办公', 1514, 255, 1, 0, '', ''),
(1523, 0, '床', 1514, 255, 1, 0, '', ''),
(1524, 0, '床垫', 1514, 255, 1, 0, '', ''),
(1525, 0, '沙发', 1514, 255, 1, 0, '', ''),
(1526, 0, '电脑椅', 1514, 255, 1, 0, '', ''),
(1527, 0, '衣柜', 1514, 255, 1, 0, '', ''),
(1528, 0, '茶几', 1514, 255, 1, 0, '', ''),
(1529, 0, '电视柜', 1514, 255, 1, 0, '', ''),
(1530, 0, '餐桌', 1514, 255, 1, 0, '', ''),
(1531, 0, '电脑桌', 1514, 255, 1, 0, '', ''),
(1534, 0, '灯具', 172, 255, 1, 0, '', ''),
(1533, 0, '鞋架/衣帽架', 1514, 255, 1, 0, '', ''),
(1535, 0, '台灯', 1534, 255, 1, 0, '', ''),
(1536, 0, '吸顶灯', 1534, 255, 1, 0, '', ''),
(1537, 0, '筒灯射灯', 1534, 255, 1, 0, '', ''),
(1538, 0, 'LED灯', 1534, 255, 1, 0, '', ''),
(1539, 0, '节能灯', 1534, 255, 1, 0, '', ''),
(1540, 0, '落地灯', 1534, 255, 1, 0, '', ''),
(1541, 0, '五金电器', 1534, 255, 1, 0, '', ''),
(1542, 0, '应急灯/手电', 1534, 255, 1, 0, '', ''),
(1543, 0, '装饰灯', 1534, 255, 1, 0, '', ''),
(1544, 0, '吊灯', 1534, 255, 1, 0, '', ''),
(1545, 0, '氛围照明', 1534, 255, 1, 0, '', ''),
(1546, 0, '生活用品', 172, 255, 1, 0, '', ''),
(1547, 0, '收纳用品', 1546, 255, 1, 0, '', ''),
(1548, 0, '雨伞雨具', 1546, 255, 1, 0, '', ''),
(1549, 0, '净化除味', 1546, 255, 1, 0, '', ''),
(1550, 0, '浴室用品', 1546, 255, 1, 0, '', ''),
(1551, 0, '洗晒/熨烫', 1546, 255, 1, 0, '', ''),
(1552, 0, '缝纫/针织用品', 1546, 255, 1, 0, '', ''),
(1553, 0, '清洁工具', 1546, 255, 1, 0, '', ''),
(1554, 0, '家装软饰', 172, 255, 1, 0, '', ''),
(1555, 0, '桌布/桌罩', 1554, 255, 1, 0, '', ''),
(1556, 0, '地毯地垫', 1554, 255, 1, 0, '', ''),
(1557, 0, '沙发垫套/椅垫', 1554, 255, 1, 0, '', ''),
(1558, 0, '装饰字画', 1554, 255, 1, 0, '', ''),
(1559, 0, '装饰摆件', 1554, 255, 1, 0, '', ''),
(1560, 0, '手工/十字绣', 1554, 255, 1, 0, '', ''),
(1561, 0, '相框/照片墙', 1554, 255, 1, 0, '', ''),
(1562, 0, '墙贴/装饰贴', 1554, 255, 1, 0, '', ''),
(1563, 0, '花瓶花艺', 1554, 255, 1, 0, '', ''),
(1564, 0, '香薰蜡烛', 1554, 255, 1, 0, '', ''),
(1565, 0, '节庆饰品', 1554, 255, 1, 0, '', ''),
(1566, 0, '钟饰', 1554, 255, 1, 0, '', ''),
(1567, 0, '帘艺隔断', 1554, 255, 1, 0, '', ''),
(1568, 0, '创意家居', 1554, 255, 1, 0, '', ''),
(1569, 0, '保暖防护', 1554, 255, 1, 0, '', ''),
(1570, 0, '雪纺衫', 1212, 255, 1, 0, '', ''),
(1571, 0, '衬衫', 1212, 255, 1, 0, '', ''),
(1572, 0, '休闲裤', 1212, 255, 1, 0, '', ''),
(1573, 0, '牛仔裤', 1212, 255, 1, 0, '', ''),
(1574, 0, '针织衫', 1212, 255, 1, 0, '', ''),
(1575, 0, '短外套', 1212, 255, 1, 0, '', ''),
(1576, 0, '卫衣', 1212, 255, 1, 0, '', ''),
(1577, 0, '小西装', 1212, 255, 1, 0, '', ''),
(1578, 0, '风衣', 1212, 255, 1, 0, '', ''),
(1579, 0, '毛呢大衣', 1212, 255, 1, 0, '', ''),
(1580, 0, '半身裙', 1212, 255, 1, 0, '', ''),
(1581, 0, '短裙', 1212, 255, 1, 0, '', ''),
(1582, 0, '吊带/背心', 1212, 255, 1, 0, '', ''),
(1584, 0, '打底衫', 1212, 255, 1, 0, '', ''),
(1585, 0, '打底裤', 1212, 255, 1, 0, '', ''),
(1586, 0, '正装裤', 1212, 255, 1, 0, '', ''),
(1587, 0, '马甲', 1212, 255, 1, 0, '', ''),
(1588, 0, '大码女装', 1212, 255, 1, 0, '', ''),
(1589, 0, '中老年女装', 1212, 255, 1, 0, '', ''),
(1590, 0, '真皮皮衣', 1212, 255, 1, 0, '', ''),
(1591, 0, '皮草', 1212, 255, 1, 0, '', ''),
(1592, 0, '羊毛衫', 1212, 255, 1, 0, '', ''),
(1593, 0, '羊绒衫', 1212, 255, 1, 0, '', ''),
(1594, 0, '棉服', 1212, 255, 1, 0, '', ''),
(1595, 0, '羽绒服', 1212, 255, 1, 0, '', ''),
(1596, 0, '仿皮皮衣', 1212, 255, 1, 0, '', ''),
(1597, 0, '加绒裤', 1212, 255, 1, 0, '', ''),
(1598, 0, '婚纱', 1212, 255, 1, 0, '', ''),
(1599, 0, '旗袍/唐装', 1212, 255, 1, 0, '', ''),
(1600, 0, '礼服', 1212, 255, 1, 0, '', ''),
(1601, 0, '设计师/潮牌', 1212, 255, 1, 0, '', ''),
(1602, 0, '男装', 3, 255, 1, 0, '', ''),
(1603, 0, 'T恤', 1602, 255, 1, 0, '', ''),
(1604, 0, '牛仔裤', 1602, 255, 1, 0, '', ''),
(1605, 0, '休闲裤', 1602, 255, 1, 0, '', ''),
(1606, 0, '卫衣', 1602, 255, 1, 0, '', ''),
(1607, 0, '针织衫', 1602, 255, 1, 0, '', ''),
(1608, 0, '西服', 1602, 255, 1, 0, '', ''),
(1609, 0, '西裤', 1602, 255, 1, 0, '', ''),
(1610, 0, 'POLO衫', 1602, 255, 1, 0, '', ''),
(1611, 0, '羽绒服', 1602, 255, 1, 0, '', ''),
(1612, 0, '西服套装', 1602, 255, 1, 0, '', ''),
(1613, 0, '真皮皮衣', 1602, 255, 1, 0, '', ''),
(1614, 0, '夹克', 1602, 255, 1, 0, '', ''),
(1615, 0, '风衣', 1602, 255, 1, 0, '', ''),
(1616, 0, '卫裤/运动裤', 1602, 255, 1, 0, '', ''),
(1617, 0, '短裤', 1602, 255, 1, 0, '', ''),
(1618, 0, '仿皮皮衣', 1602, 255, 1, 0, '', ''),
(1619, 0, '棉服', 1602, 255, 1, 0, '', ''),
(1620, 0, '马甲/背心', 1602, 255, 1, 0, '', ''),
(1621, 0, '毛呢大衣', 1602, 255, 1, 0, '', ''),
(1622, 0, '羊毛衫', 1602, 255, 1, 0, '', ''),
(1623, 0, '羊绒衫', 1602, 255, 1, 0, '', ''),
(1624, 0, '大码男装', 1602, 255, 1, 0, '', ''),
(1625, 0, '中老年男装', 1602, 255, 1, 0, '', ''),
(1626, 0, '工装', 1602, 255, 1, 0, '', ''),
(1627, 0, '设计师/潮牌', 1602, 255, 1, 0, '', ''),
(1628, 0, '唐装/中山装', 1602, 255, 1, 0, '', ''),
(1629, 0, '加绒裤', 1602, 255, 1, 0, '', ''),
(1630, 0, '文胸内衣', 4, 255, 1, 0, '', ''),
(1631, 0, '内裤', 1631, 255, 1, 0, '', ''),
(1632, 0, '男式内裤', 1212, 255, 1, 0, '', ''),
(1633, 0, '女式内裤', 1212, 255, 1, 0, '', ''),
(1634, 0, '塑身美体', 1631, 255, 1, 0, '', ''),
(1635, 0, '文胸套装', 1631, 255, 1, 0, '', ''),
(1636, 0, '情侣睡衣', 1631, 255, 1, 0, '', ''),
(1637, 0, '吊带/背心', 1631, 255, 1, 0, '', ''),
(1638, 0, '少女文胸', 1631, 255, 1, 0, '', ''),
(1639, 0, '休闲棉袜', 1640, 255, 1, 0, '', ''),
(1640, 0, '袜子', 4, 255, 1, 0, '', ''),
(1641, 0, '连裤袜/丝袜', 1640, 255, 1, 0, '', ''),
(1642, 0, '美腿袜', 1640, 255, 1, 0, '', ''),
(1643, 0, '打底裤袜', 1640, 255, 1, 0, '', ''),
(1644, 0, '抹胸', 1630, 255, 1, 0, '', ''),
(1645, 0, '内衣配件', 1630, 255, 1, 0, '', ''),
(1646, 0, '大码内衣', 1630, 255, 1, 0, '', ''),
(1647, 0, '打底衫', 1630, 255, 1, 0, '', ''),
(1648, 0, '泳衣', 1630, 255, 1, 0, '', ''),
(1649, 0, '秋衣秋裤', 1630, 255, 1, 0, '', ''),
(1650, 0, '保暖内衣', 1630, 255, 1, 0, '', ''),
(1651, 0, '情趣内衣', 1630, 255, 1, 0, '', ''),
(1652, 0, '太阳镜', 5, 255, 1, 0, '', ''),
(1653, 0, '光学镜架/镜片', 5, 255, 1, 0, '', ''),
(1654, 0, '男士腰带/礼盒', 5, 255, 1, 0, '', ''),
(1655, 0, '防辐射眼镜', 5, 255, 1, 0, '', ''),
(1656, 0, '老花镜', 5, 255, 1, 0, '', ''),
(1657, 0, '女士丝巾/围巾/披肩', 5, 255, 1, 0, '', ''),
(1658, 0, '男士丝巾/围巾', 5, 255, 1, 0, '', ''),
(1659, 0, '棒球帽', 5, 255, 1, 0, '', ''),
(1660, 0, '遮阳帽', 5, 255, 1, 0, '', ''),
(1661, 0, '鸭舌帽', 5, 255, 1, 0, '', ''),
(1662, 0, '贝雷帽', 5, 255, 1, 0, '', ''),
(1663, 0, '礼帽', 5, 255, 1, 0, '', ''),
(1664, 0, '毛线帽', 5, 255, 1, 0, '', ''),
(1665, 0, '防晒手套', 5, 255, 1, 0, '', ''),
(1666, 0, '真皮手套', 5, 255, 1, 0, '', ''),
(1667, 0, '围巾/手套/帽子套装', 5, 255, 1, 0, '', ''),
(1668, 0, '遮阳伞/雨伞', 5, 255, 1, 0, '', ''),
(1669, 0, '女士腰带/礼盒', 5, 255, 1, 0, '', ''),
(1670, 0, '口罩', 5, 255, 1, 0, '', ''),
(1671, 0, '假领', 5, 255, 1, 0, '', ''),
(1672, 0, '毛线/布面料', 5, 255, 1, 0, '', ''),
(1673, 0, '领带/领结/领带夹', 5, 255, 1, 0, '', ''),
(1674, 0, '耳罩/耳包', 5, 255, 1, 0, '', ''),
(1675, 0, '袖扣', 5, 255, 1, 0, '', ''),
(1676, 0, '钥匙扣', 5, 255, 1, 0, '', ''),
(1677, 0, '套装', 6, 255, 1, 0, '', ''),
(1678, 0, '上衣', 6, 255, 1, 0, '', ''),
(1679, 0, '运动鞋', 6, 255, 1, 0, '', ''),
(1680, 0, '裤子', 6, 255, 1, 0, '', ''),
(1681, 0, '内衣', 6, 255, 1, 0, '', ''),
(1682, 0, '皮鞋/帆布鞋', 6, 255, 1, 0, '', ''),
(1683, 0, '亲子装', 6, 255, 1, 0, '', ''),
(1684, 0, '羽绒服/棉服', 6, 255, 1, 0, '', ''),
(1685, 0, '运动服', 6, 255, 1, 0, '', ''),
(1686, 0, '靴子', 6, 255, 1, 0, '', ''),
(1687, 0, '演出服', 6, 255, 1, 0, '', ''),
(1688, 0, '裙子', 6, 255, 1, 0, '', ''),
(1689, 0, '功能鞋', 6, 255, 1, 0, '', ''),
(1690, 0, '凉鞋', 6, 255, 1, 0, '', ''),
(1691, 0, '配饰', 6, 255, 1, 0, '', ''),
(1713, 0, '精油', 1710, 255, 1, 0, '', ''),
(1714, 0, '颈部', 1710, 255, 1, 0, '', ''),
(1715, 0, '手足', 1710, 255, 1, 0, '', ''),
(1716, 0, '纤体塑形', 1710, 255, 1, 0, '', ''),
(1717, 0, '美胸', 1710, 255, 1, 0, '', ''),
(1718, 0, '套装', 1710, 255, 1, 0, '', ''),
(1719, 0, '口腔护理', 134, 255, 1, 0, '', ''),
(1720, 0, '牙膏/牙粉', 1719, 255, 1, 0, '', ''),
(1721, 0, '牙刷/牙线', 1719, 255, 1, 0, '', ''),
(1722, 0, '漱口水', 1719, 255, 1, 0, '', ''),
(1723, 0, '套装', 1719, 255, 1, 0, '', ''),
(1724, 0, '女性护理', 134, 255, 1, 0, '', ''),
(1725, 0, '卫生巾', 1724, 255, 1, 0, '', ''),
(1726, 0, '卫生护垫', 1724, 255, 1, 0, '', ''),
(1727, 0, '私密护理', 1724, 255, 1, 0, '', ''),
(1728, 0, '脱毛膏', 1724, 255, 1, 0, '', ''),
(1729, 0, '香水彩妆', 134, 255, 1, 0, '', ''),
(1730, 0, '女士香水', 1729, 255, 1, 0, '', ''),
(1731, 0, '男士香水', 1729, 255, 1, 0, '', ''),
(1732, 0, '底妆', 1729, 255, 1, 0, '', ''),
(1733, 0, '眉笔', 1729, 255, 1, 0, '', ''),
(1734, 0, '睫毛膏', 1729, 255, 1, 0, '', ''),
(1735, 0, '眼线', 1729, 255, 1, 0, '', ''),
(1736, 0, '眼影', 1729, 255, 1, 0, '', ''),
(1737, 0, '唇膏/彩', 1729, 255, 1, 0, '', ''),
(1738, 0, '腮红', 1729, 255, 1, 0, '', ''),
(1739, 0, '美甲', 1729, 255, 1, 0, '', ''),
(1740, 0, '美妆工具', 1729, 255, 1, 0, '', ''),
(1741, 0, '套装', 1729, 255, 1, 0, '', ''),
(1742, 0, '清洁用品', 2545, 255, 1, 0, '', ''),
(1743, 0, '纸品湿巾', 1742, 255, 1, 0, '', ''),
(1744, 0, '衣物清洁', 1742, 255, 1, 0, '', ''),
(1745, 0, '清洁工具', 1742, 255, 1, 0, '', ''),
(1746, 0, '家庭清洁', 1742, 255, 1, 0, '', ''),
(1747, 0, '一次性用品', 1742, 255, 1, 0, '', ''),
(1748, 0, '驱虫用品', 1742, 255, 1, 0, '', ''),
(1749, 0, '皮具护理', 1742, 255, 1, 0, '', ''),
(1750, 0, '宠物生活', 2545, 255, 1, 0, '', ''),
(1751, 0, '水族用品', 1750, 255, 1, 0, '', ''),
(1752, 0, '宠物主粮', 1750, 255, 1, 0, '', ''),
(1753, 0, '宠物零食', 1750, 255, 1, 0, '', ''),
(1754, 0, '猫砂/尿布', 1750, 255, 1, 0, '', ''),
(1755, 0, '洗护美容', 1750, 255, 1, 0, '', ''),
(1756, 0, '家具日用', 1742, 255, 1, 0, '', ''),
(1757, 0, '医疗保健', 1750, 255, 1, 0, '', ''),
(1758, 0, '出行装备', 1750, 255, 1, 0, '', ''),
(1759, 0, '宠物玩具', 1750, 255, 1, 0, '', ''),
(1760, 0, '宠物牵引', 1750, 255, 1, 0, '', ''),
(1761, 0, '宠物驱虫', 1750, 255, 1, 0, '', ''),
(1770, 0, '布鞋/绣花鞋', 1762, 255, 1, 0, '', ''),
(1771, 0, '坡跟鞋', 1762, 255, 1, 0, '', ''),
(1772, 0, '松糕鞋', 1762, 255, 1, 0, '', ''),
(1773, 0, '防水台', 1762, 255, 1, 0, '', ''),
(1774, 0, '高跟鞋', 1762, 255, 1, 0, '', ''),
(1775, 0, '裸靴', 1762, 255, 1, 0, '', ''),
(1776, 0, '内增高', 1762, 255, 1, 0, '', ''),
(1777, 0, '女靴', 1762, 255, 1, 0, '', ''),
(1778, 0, '马丁靴', 1762, 255, 1, 0, '', ''),
(1779, 0, '雪地靴', 1762, 255, 1, 0, '', ''),
(1780, 0, '雨鞋/雨靴', 1762, 255, 1, 0, '', ''),
(1781, 0, '靴配件', 1762, 255, 1, 0, '', ''),
(1782, 0, '流行男鞋', 2540, 255, 1, 0, '', ''),
(1783, 0, '休闲鞋', 1782, 255, 1, 0, '', ''),
(1784, 0, '商务休闲鞋', 1782, 255, 1, 0, '', ''),
(1785, 0, '正装鞋', 1782, 255, 1, 0, '', ''),
(1786, 0, '帆布鞋', 1782, 255, 1, 0, '', ''),
(1787, 0, '工装鞋', 1782, 255, 1, 0, '', ''),
(1788, 0, '增高鞋', 1782, 255, 1, 0, '', ''),
(1789, 0, '拖鞋/人字拖', 1782, 255, 1, 0, '', ''),
(1790, 0, '凉鞋/沙滩鞋', 1782, 255, 1, 0, '', ''),
(1791, 0, '雨鞋/雨靴', 1782, 255, 1, 0, '', ''),
(1792, 0, '定制鞋', 1782, 255, 1, 0, '', ''),
(1793, 0, '男靴', 1782, 255, 1, 0, '', ''),
(1794, 0, '传统布鞋', 1782, 255, 1, 0, '', ''),
(1795, 0, '功能鞋', 1782, 255, 1, 0, '', ''),
(1798, 0, '潮流女包', 162, 255, 1, 0, '', ''),
(1797, 0, '鞋配件', 1782, 255, 1, 0, '', ''),
(1799, 0, '单肩包', 1798, 255, 1, 0, '', ''),
(1800, 0, '手提包', 1798, 255, 1, 0, '', ''),
(1801, 0, '斜挎包', 1798, 255, 1, 0, '', ''),
(1802, 0, '双肩包', 1798, 255, 1, 0, '', ''),
(1803, 0, '钱包', 1798, 255, 1, 0, '', ''),
(1804, 0, '手拿包', 1798, 255, 1, 0, '', ''),
(1805, 0, '卡包/零钱包', 1798, 255, 1, 0, '', ''),
(1806, 0, '钥匙包', 1798, 255, 1, 0, '', ''),
(1808, 0, '精品男包', 162, 255, 1, 0, '', ''),
(1810, 0, '单肩/斜挎包', 1808, 255, 1, 0, '', ''),
(1811, 0, '男士手包', 1808, 255, 1, 0, '', ''),
(1812, 0, '双肩包', 1808, 255, 1, 0, '', ''),
(1813, 0, '男士钱包', 1808, 255, 1, 0, '', ''),
(1814, 0, '卡包名片夹', 1808, 255, 1, 0, '', ''),
(1815, 0, '钥匙包', 1808, 255, 1, 0, '', ''),
(1816, 0, '功能箱包', 162, 255, 1, 0, '', ''),
(1817, 0, '拉杆箱', 1816, 255, 1, 0, '', ''),
(1818, 0, '拉杆包', 1816, 255, 1, 0, '', ''),
(1819, 0, '旅行包', 1816, 255, 1, 0, '', ''),
(1820, 0, '电脑包', 1816, 255, 1, 0, '', ''),
(1821, 0, '休闲运动包', 1816, 255, 1, 0, '', ''),
(1822, 0, '相机包', 1816, 255, 1, 0, '', ''),
(1823, 0, '腰包/胸包', 1816, 255, 1, 0, '', ''),
(1824, 0, '登山包', 1808, 255, 1, 0, '', ''),
(1825, 0, '旅行配件', 1816, 255, 1, 0, '', ''),
(1990, 0, '紧凑型车', 1987, 255, 1, 0, '', ''),
(1828, 0, '奢侈品', 162, 255, 1, 0, '', ''),
(1829, 0, '箱包', 1828, 255, 1, 0, '', ''),
(1830, 0, '钱包', 1828, 255, 1, 0, '', ''),
(1831, 0, '服饰', 1828, 255, 1, 0, '', ''),
(1832, 0, '腰带', 1828, 255, 1, 0, '', ''),
(1833, 0, '鞋靴', 1828, 255, 1, 0, '', ''),
(1834, 0, '太阳镜/眼镜框', 1828, 255, 1, 0, '', ''),
(1835, 0, '饰品', 1828, 255, 1, 0, '', ''),
(1836, 0, '配件', 1828, 255, 1, 0, '', ''),
(1992, 0, '中大型车', 1987, 255, 1, 0, '', ''),
(1991, 0, '中型车', 1987, 255, 1, 0, '', ''),
(1840, 0, '礼品', 162, 255, 1, 0, '', ''),
(1841, 0, '火机烟具', 1840, 255, 1, 0, '', ''),
(1842, 0, '军刀军具', 1840, 255, 1, 0, '', ''),
(1843, 0, '美妆礼品', 1840, 255, 1, 0, '', ''),
(1844, 0, '工艺礼品', 1840, 255, 1, 0, '', ''),
(1845, 0, '礼盒礼卷', 1840, 255, 1, 0, '', ''),
(1846, 0, '礼品文具', 1840, 255, 1, 0, '', ''),
(1847, 0, '收藏品', 1840, 255, 1, 0, '', ''),
(1848, 0, '古董把玩', 1840, 255, 1, 0, '', ''),
(1849, 0, '礼品定制', 1840, 255, 1, 0, '', ''),
(1850, 0, '创意礼品', 1840, 255, 1, 0, '', ''),
(1851, 0, '婚庆用品', 1840, 255, 1, 0, '', ''),
(1852, 0, '鲜花绿植', 1840, 255, 1, 0, '', ''),
(1853, 0, '京东卡', 1840, 255, 1, 0, '', ''),
(1854, 0, '珠宝首饰', 162, 255, 1, 0, '', ''),
(1855, 0, '黄金', 1854, 255, 1, 0, '', ''),
(1856, 0, 'K金', 1854, 255, 1, 0, '', ''),
(1857, 0, '时尚饰品', 1854, 255, 1, 0, '', ''),
(1858, 0, '钻石', 1854, 255, 1, 0, '', ''),
(1859, 0, '翡翠玉石', 1854, 255, 1, 0, '', ''),
(1860, 0, '银饰', 1854, 255, 1, 0, '', ''),
(1861, 0, '水晶玛瑙', 1854, 255, 1, 0, '', ''),
(1862, 0, '彩宝', 1854, 255, 1, 0, '', ''),
(1863, 0, '铂金', 1854, 255, 1, 0, '', ''),
(1864, 0, '木手串/把件', 1854, 255, 1, 0, '', ''),
(1865, 0, '珍珠', 1854, 255, 1, 0, '', ''),
(1866, 0, '金银投资', 162, 255, 1, 0, '', ''),
(1867, 0, '投资金', 1866, 255, 1, 0, '', ''),
(1868, 0, '投资银', 1866, 255, 1, 0, '', ''),
(1869, 0, '投资收藏', 1866, 255, 1, 0, '', ''),
(1887, 0, '运动背心', 1882, 255, 1, 0, '', ''),
(1888, 0, '羽绒服', 1882, 255, 1, 0, '', ''),
(1889, 0, '卫衣/套头衫', 1882, 255, 1, 0, '', ''),
(1890, 0, '棉服', 1882, 255, 1, 0, '', ''),
(1891, 0, '夹克/风衣', 1882, 255, 1, 0, '', ''),
(1892, 0, '运动配饰', 1882, 255, 1, 0, '', ''),
(1893, 0, '乒羽网服', 1882, 255, 1, 0, '', ''),
(1894, 0, '毛衫/线衫', 1882, 255, 1, 0, '', ''),
(1895, 0, '健身训练', 185, 255, 1, 0, '', ''),
(1896, 0, '跑步机', 1895, 255, 1, 0, '', ''),
(1897, 0, '健身车/动感单车', 1895, 255, 1, 0, '', ''),
(1898, 0, '哑铃', 1895, 255, 1, 0, '', ''),
(1899, 0, '仰卧板/收腹机', 1895, 255, 1, 0, '', ''),
(1900, 0, '甩脂机', 1895, 255, 1, 0, '', ''),
(1901, 0, '踏步机', 1895, 255, 1, 0, '', ''),
(1902, 0, '运动护具', 1895, 255, 1, 0, '', ''),
(1903, 0, '瑜伽舞蹈', 1895, 255, 1, 0, '', ''),
(1904, 0, '武术搏击', 1895, 255, 1, 0, '', ''),
(1905, 0, '综合训练器', 1895, 255, 1, 0, '', ''),
(1906, 0, '其他大型器械', 1895, 255, 1, 0, '', ''),
(1907, 0, '其他中小型器材', 1895, 255, 1, 0, '', ''),
(1908, 0, '骑行运动', 185, 255, 1, 0, '', ''),
(1909, 0, '山地车/公路车', 1908, 255, 1, 0, '', ''),
(1910, 0, '折叠车', 1908, 255, 1, 0, '', ''),
(1911, 0, '电动车', 1908, 255, 1, 0, '', ''),
(1912, 0, '平衡车', 1908, 255, 1, 0, '', ''),
(1913, 0, '其他整车', 1908, 255, 1, 0, '', ''),
(1914, 0, '骑行装备', 1908, 255, 1, 0, '', ''),
(1915, 0, '骑行服', 1908, 255, 1, 0, '', ''),
(1916, 0, '体育用品', 185, 255, 1, 0, '', ''),
(1917, 0, '乒乓球', 1916, 255, 1, 0, '', ''),
(1918, 0, '羽毛球', 1916, 255, 1, 0, '', ''),
(1919, 0, '篮球', 1916, 255, 1, 0, '', ''),
(1920, 0, '足球', 1916, 255, 1, 0, '', ''),
(1921, 0, '轮滑滑板', 1916, 255, 1, 0, '', ''),
(1922, 0, '网球', 1916, 255, 1, 0, '', ''),
(1923, 0, '高尔夫', 1916, 255, 1, 0, '', ''),
(1924, 0, '台球', 1916, 255, 1, 0, '', ''),
(1925, 0, '排球', 1916, 255, 1, 0, '', ''),
(1989, 0, '小型车', 1987, 255, 1, 0, '', ''),
(1988, 0, '微型车', 1987, 255, 1, 0, '', ''),
(1928, 0, '户外鞋服', 185, 255, 1, 0, '', ''),
(1929, 0, '户外风衣', 1928, 255, 1, 0, '', ''),
(1930, 0, '徒步鞋', 1928, 255, 1, 0, '', ''),
(1931, 0, 'T恤', 1928, 255, 1, 0, '', ''),
(1932, 0, '冲锋衣裤', 1928, 255, 1, 0, '', ''),
(1933, 0, '速干衣裤', 1928, 255, 1, 0, '', ''),
(1934, 0, '越野跑鞋', 1928, 255, 1, 0, '', ''),
(1935, 0, '滑雪服', 1928, 255, 1, 0, '', ''),
(1936, 0, '羽绒服/棉服', 1928, 255, 1, 0, '', ''),
(1937, 0, '休闲衣裤', 1928, 255, 1, 0, '', ''),
(1938, 0, '抓绒衣裤', 1928, 255, 1, 0, '', ''),
(1939, 0, '溯溪鞋', 1928, 255, 1, 0, '', ''),
(1940, 0, '沙滩/凉拖', 1928, 255, 1, 0, '', ''),
(1941, 0, '休闲鞋', 1928, 255, 1, 0, '', ''),
(1942, 0, '软壳衣裤', 1928, 255, 1, 0, '', ''),
(1999, 0, '5-8万', 1997, 255, 1, 0, '', ''),
(1998, 0, '5万以下', 1997, 255, 1, 0, '', ''),
(1997, 0, '汽车价格', 206, 255, 1, 0, '', ''),
(1948, 0, '户外装备', 185, 255, 1, 0, '', ''),
(1949, 0, '帐篷/垫子', 1948, 255, 1, 0, '', ''),
(1950, 0, '望远镜', 1948, 255, 1, 0, '', ''),
(1951, 0, '野餐烧烤', 1948, 255, 1, 0, '', ''),
(1952, 0, '便携桌椅床', 1948, 255, 1, 0, '', ''),
(1953, 0, '背包', 1948, 255, 1, 0, '', ''),
(1954, 0, '户外配饰', 1948, 255, 1, 0, '', ''),
(1955, 0, '军迷用品', 1948, 255, 1, 0, '', ''),
(1956, 0, '睡袋/吊床', 1948, 255, 1, 0, '', ''),
(1957, 0, '救援装备', 1948, 255, 1, 0, '', ''),
(1958, 0, '护外照明', 1948, 255, 1, 0, '', ''),
(1959, 0, '旅游用品', 1948, 255, 1, 0, '', ''),
(1960, 0, '户外工具', 1948, 255, 1, 0, '', ''),
(1961, 0, '户外仪表', 1948, 255, 1, 0, '', ''),
(1962, 0, '登山攀岩', 1948, 255, 1, 0, '', ''),
(1996, 0, '跑车', 1987, 255, 1, 0, '', ''),
(1995, 0, 'SUV', 1987, 255, 1, 0, '', ''),
(1994, 0, 'MPV', 1987, 255, 1, 0, '', ''),
(1966, 0, '垂钓用品', 185, 255, 1, 0, '', ''),
(1967, 0, '鱼竿鱼线', 1966, 255, 1, 0, '', ''),
(1968, 0, '浮漂鱼饵', 1966, 255, 1, 0, '', ''),
(1969, 0, '钓鱼桌椅', 1966, 255, 1, 0, '', ''),
(1970, 0, '钓鱼配件', 1966, 255, 1, 0, '', ''),
(1971, 0, '钓箱鱼包', 1966, 255, 1, 0, '', ''),
(1972, 0, '其它', 1966, 255, 1, 0, '', ''),
(1973, 0, '游泳用品', 185, 255, 1, 0, '', ''),
(1974, 0, '泳镜', 1973, 255, 1, 0, '', ''),
(1975, 0, '男士泳衣', 1973, 255, 1, 0, '', ''),
(1976, 0, '女士泳衣', 1973, 255, 1, 0, '', ''),
(1977, 0, '比基尼', 1973, 255, 1, 0, '', ''),
(1978, 0, '泳帽', 1973, 255, 1, 0, '', ''),
(1979, 0, '游泳包防水包', 1973, 255, 1, 0, '', ''),
(1980, 0, '其它', 1973, 255, 1, 0, '', ''),
(1981, 0, '钟表', 185, 255, 1, 0, '', ''),
(1982, 0, '男表', 1981, 255, 1, 0, '', ''),
(1983, 0, '女表', 1981, 255, 1, 0, '', ''),
(1984, 0, '儿童表', 1981, 255, 1, 0, '', ''),
(1985, 0, '智能手表', 1981, 255, 1, 0, '', ''),
(1986, 0, '座钟挂钟', 1981, 255, 1, 0, '', ''),
(2011, 0, '陆风', 2005, 255, 1, 0, '', ''),
(2012, 0, '上海大众', 2005, 255, 1, 0, '', ''),
(2013, 0, '维修保养', 206, 255, 1, 0, '', ''),
(2014, 0, '机油', 2013, 255, 1, 0, '', ''),
(2015, 0, '添加剂', 2013, 255, 1, 0, '', ''),
(2016, 0, '防冻液', 2013, 255, 1, 0, '', ''),
(2017, 0, '滤清器', 2013, 255, 1, 0, '', ''),
(2018, 0, '火花塞', 2013, 255, 1, 0, '', ''),
(2019, 0, '雨刷', 2013, 255, 1, 0, '', ''),
(2020, 0, '车灯', 2013, 255, 1, 0, '', ''),
(2021, 0, '减震器', 2013, 255, 1, 0, '', ''),
(2022, 0, '轮胎', 2013, 255, 1, 0, '', ''),
(2023, 0, '轮毂', 2013, 255, 1, 0, '', ''),
(2024, 0, '刹车片/盘', 2013, 255, 1, 0, '', ''),
(2025, 0, '维修配件', 2013, 255, 1, 0, '', ''),
(2026, 0, '车载电器', 206, 255, 1, 0, '', ''),
(2027, 0, '行车记录仪', 2026, 255, 1, 0, '', ''),
(2028, 0, '导航仪', 2026, 255, 1, 0, '', ''),
(2029, 0, '电源', 2026, 255, 1, 0, '', ''),
(2030, 0, '电器配件', 2026, 255, 1, 0, '', ''),
(2031, 0, '净化器', 2026, 255, 1, 0, '', ''),
(2032, 0, '车载影音', 2026, 255, 1, 0, '', ''),
(2033, 0, '冰箱', 2026, 255, 1, 0, '', ''),
(2034, 0, '安全预警仪', 2026, 255, 1, 0, '', ''),
(2035, 0, '倒车雷达', 2026, 255, 1, 0, '', ''),
(2036, 0, '蓝牙设备', 2026, 255, 1, 0, '', ''),
(2037, 0, '美容清洗', 206, 255, 1, 0, '', ''),
(2038, 0, '车蜡', 2037, 255, 1, 0, '', ''),
(2039, 0, '镀晶镀膜', 2037, 255, 1, 0, '', ''),
(2040, 0, '补漆笔', 2037, 255, 1, 0, '', ''),
(2041, 0, '玻璃水', 2037, 255, 1, 0, '', ''),
(2042, 0, '清洁剂', 2037, 255, 1, 0, '', ''),
(2043, 0, '洗车机', 2037, 255, 1, 0, '', ''),
(2044, 0, '洗车水枪', 2037, 255, 1, 0, '', ''),
(2045, 0, '洗车配件', 2037, 255, 1, 0, '', ''),
(2047, 0, '汽车装饰', 206, 255, 1, 0, '', ''),
(2048, 0, '脚垫', 2047, 255, 1, 0, '', ''),
(2049, 0, '座垫', 2047, 255, 1, 0, '', ''),
(2050, 0, '座套', 2047, 255, 1, 0, '', ''),
(2051, 0, '后备箱垫', 2047, 255, 1, 0, '', ''),
(2052, 0, '方向盘套', 2047, 255, 1, 0, '', ''),
(2053, 0, '头枕腰靠', 2047, 255, 1, 0, '', ''),
(2054, 0, '香水', 2047, 255, 1, 0, '', ''),
(2055, 0, '空气净化', 2047, 255, 1, 0, '', ''),
(2056, 0, '功能小件', 2047, 255, 1, 0, '', ''),
(2057, 0, '车衣', 2047, 255, 1, 0, '', ''),
(2058, 0, '挂件摆件', 2047, 255, 1, 0, '', ''),
(2096, 0, '营养辅食', 221, 255, 1, 0, '', ''),
(2060, 0, '安全自驾', 206, 255, 1, 0, '', ''),
(2061, 0, '安全座椅', 2060, 255, 1, 0, '', ''),
(2062, 0, '胎压监测', 2060, 255, 1, 0, '', ''),
(2063, 0, '充气泵', 2060, 255, 1, 0, '', ''),
(2064, 0, '防盗设备', 2060, 255, 1, 0, '', ''),
(2065, 0, '应急救援', 2060, 255, 1, 0, '', ''),
(2066, 0, '保温箱', 2060, 255, 1, 0, '', ''),
(2067, 0, '储物箱', 2060, 255, 1, 0, '', ''),
(2068, 0, '自驾野营', 2060, 255, 1, 0, '', ''),
(2069, 0, '摩托车装备', 2060, 255, 1, 0, '', ''),
(2070, 0, '摩托车', 2060, 255, 1, 0, '', ''),
(2071, 0, '赛事改装', 206, 255, 1, 0, '', ''),
(2072, 0, '赛事服装', 2071, 255, 1, 0, '', ''),
(2073, 0, '赛事用品', 2071, 255, 1, 0, '', ''),
(2074, 0, '制动系统', 2071, 255, 1, 0, '', ''),
(2075, 0, '悬挂系统', 2071, 255, 1, 0, '', ''),
(2076, 0, '进气系统', 2071, 255, 1, 0, '', ''),
(2077, 0, '排气系统', 2071, 255, 1, 0, '', ''),
(2078, 0, '电子管理', 2071, 255, 1, 0, '', ''),
(2095, 0, '有机奶粉', 2088, 255, 1, 0, '', ''),
(2080, 0, '汽车服务', 206, 255, 1, 0, '', ''),
(2081, 0, '清洗美容', 2080, 255, 1, 0, '', ''),
(2082, 0, '功能升级', 2080, 255, 1, 0, '', ''),
(2083, 0, '保养维修', 2080, 255, 1, 0, '', ''),
(2084, 0, '驾驶培训', 2080, 255, 1, 0, '', ''),
(2085, 0, 'ETC', 2080, 255, 1, 0, '', ''),
(2086, 0, '加油卡', 2080, 255, 1, 0, '', ''),
(2087, 0, '油卡充值', 2080, 255, 1, 0, '', ''),
(2097, 0, '米粉/菜粉', 2096, 255, 1, 0, '', ''),
(2098, 0, '面条/粥', 2096, 255, 1, 0, '', ''),
(2099, 0, '果泥/果汁', 2096, 255, 1, 0, '', ''),
(2100, 0, '米益生菌/初乳', 2096, 255, 1, 0, '', ''),
(2101, 0, 'DHA', 2096, 255, 1, 0, '', ''),
(2102, 0, '钙铁锌/维生素', 2096, 255, 1, 0, '', ''),
(2215, 0, '禽类食品', 230, 255, 1, 0, '', ''),
(2214, 0, '羊肉卷', 2206, 255, 1, 0, '', ''),
(2105, 0, '尿裤湿巾', 221, 255, 1, 0, '', ''),
(2106, 0, 'NB', 2105, 255, 1, 0, '', ''),
(2107, 0, 'S', 2105, 255, 1, 0, '', ''),
(2108, 0, 'M', 2105, 255, 1, 0, '', ''),
(2109, 0, 'L', 2105, 255, 1, 0, '', ''),
(2110, 0, 'XL', 2105, 255, 1, 0, '', ''),
(2111, 0, 'XXL', 2105, 255, 1, 0, '', ''),
(2112, 0, '拉拉裤', 2105, 255, 1, 0, '', ''),
(2113, 0, '成人尿裤', 2105, 255, 1, 0, '', ''),
(2114, 0, '婴儿湿巾', 2105, 255, 1, 0, '', ''),
(2115, 0, '喂养用品', 221, 255, 1, 0, '', ''),
(2116, 0, '奶瓶奶嘴', 2115, 255, 1, 0, '', ''),
(2117, 0, '吸奶器', 2115, 255, 1, 0, '', ''),
(2118, 0, '暖奶消毒', 2115, 255, 1, 0, '', ''),
(2119, 0, '辅食料理机', 2115, 255, 1, 0, '', ''),
(2120, 0, '牙胶安抚', 2115, 255, 1, 0, '', ''),
(2121, 0, '食物储存', 2115, 255, 1, 0, '', ''),
(2122, 0, '儿童餐具', 2115, 255, 1, 0, '', ''),
(2123, 0, '水壶/水杯', 2115, 255, 1, 0, '', ''),
(2124, 0, '围兜/防溅衣', 2115, 255, 1, 0, '', ''),
(2125, 0, '洗护用品', 221, 255, 1, 0, '', ''),
(2126, 0, '宝宝护肤', 2125, 255, 1, 0, '', ''),
(2127, 0, '日常护理', 2125, 255, 1, 0, '', ''),
(2128, 0, '洗发沐浴', 2125, 255, 1, 0, '', ''),
(2129, 0, '洗澡用具', 2125, 255, 1, 0, '', ''),
(2130, 0, '洗衣液/皂', 2125, 255, 1, 0, '', ''),
(2131, 0, '理发器', 2125, 255, 1, 0, '', ''),
(2132, 0, '婴儿口腔清洁', 2125, 255, 1, 0, '', ''),
(2133, 0, '坐便器', 2125, 255, 1, 0, '', ''),
(2134, 0, '驱蚊防晒', 2125, 255, 1, 0, '', ''),
(2135, 0, '寝居服饰', 221, 255, 1, 0, '', ''),
(2136, 0, '睡袋/抱被', 2135, 255, 1, 0, '', ''),
(2137, 0, '家居床品', 2135, 255, 1, 0, '', ''),
(2138, 0, '安全防护', 2135, 255, 1, 0, '', ''),
(2139, 0, '爬行垫', 2135, 255, 1, 0, '', ''),
(2140, 0, '婴儿内衣', 2135, 255, 1, 0, '', ''),
(2141, 0, '婴儿礼盒', 2135, 255, 1, 0, '', ''),
(2142, 0, '婴儿鞋帽袜', 2135, 255, 1, 0, '', ''),
(2216, 0, '鸡肉', 2215, 255, 1, 0, '', ''),
(2144, 0, '妈妈专区', 221, 255, 1, 0, '', ''),
(2145, 0, '防辐射服', 2144, 255, 1, 0, '', ''),
(2146, 0, '孕妈装', 2144, 255, 1, 0, '', ''),
(2147, 0, '孕妇护肤', 2144, 255, 1, 0, '', ''),
(2148, 0, '妈咪包/背婴带', 2144, 255, 1, 0, '', ''),
(2149, 0, '待产护理', 2144, 255, 1, 0, '', ''),
(2150, 0, '产后塑身', 2144, 255, 1, 0, '', ''),
(2151, 0, '文胸/内裤', 2144, 255, 1, 0, '', ''),
(2152, 0, '防溢乳垫', 2144, 255, 1, 0, '', ''),
(2153, 0, '孕期营养', 2144, 255, 1, 0, '', ''),
(2154, 0, '童车童床', 2543, 255, 1, 0, '', ''),
(2155, 0, '安全座椅', 2154, 255, 1, 0, '', ''),
(2156, 0, '婴儿推车', 2154, 255, 1, 0, '', ''),
(2157, 0, '婴儿床', 2154, 255, 1, 0, '', ''),
(2158, 0, '婴儿床垫', 2154, 255, 1, 0, '', ''),
(2159, 0, '餐椅', 2154, 255, 1, 0, '', ''),
(2160, 0, '学步车', 2154, 255, 1, 0, '', ''),
(2161, 0, '三轮车', 2154, 255, 1, 0, '', ''),
(2162, 0, '自行车', 2154, 255, 1, 0, '', ''),
(2163, 0, '扭扭车', 2154, 255, 1, 0, '', ''),
(2164, 0, '滑板车', 2154, 255, 1, 0, '', ''),
(2165, 0, '电动车', 2154, 255, 1, 0, '', ''),
(2166, 0, '玩具', 2543, 255, 1, 0, '', ''),
(2167, 0, '适用年龄', 2166, 255, 1, 0, '', ''),
(2168, 0, '遥控/电动', 2166, 255, 1, 0, '', ''),
(2169, 0, '益智玩具', 2166, 255, 1, 0, '', ''),
(2170, 0, '积木拼插', 2166, 255, 1, 0, '', ''),
(2171, 0, '动漫玩具', 2166, 255, 1, 0, '', ''),
(2172, 0, '毛绒布艺', 2166, 255, 1, 0, '', ''),
(2173, 0, '模型玩具', 2166, 255, 1, 0, '', ''),
(2175, 0, '乐器', 2543, 255, 1, 0, '', ''),
(2176, 0, '钢琴', 2175, 255, 1, 0, '', ''),
(2177, 0, '电子琴/电钢琴', 2175, 255, 1, 0, '', ''),
(2178, 0, '吉他/尤克里里', 2175, 255, 1, 0, '', ''),
(2179, 0, '打击乐器', 2175, 255, 1, 0, '', ''),
(2180, 0, '西洋管弦', 2175, 255, 1, 0, '', ''),
(2181, 0, '民族乐器', 2175, 255, 1, 0, '', ''),
(2182, 0, '乐器配件', 2175, 255, 1, 0, '', ''),
(2218, 0, '鸡蛋', 2215, 255, 1, 0, '', ''),
(2219, 0, '咸鸭蛋', 2215, 255, 1, 0, '', ''),
(2220, 0, '松花蛋', 2215, 255, 1, 0, '', ''),
(2221, 0, '冷冻食饮', 230, 255, 1, 0, '', ''),
(2222, 0, '水饺', 2221, 255, 1, 0, '', ''),
(2223, 0, '面点', 2221, 255, 1, 0, '', ''),
(2224, 0, '汤圆', 2221, 255, 1, 0, '', ''),
(2225, 0, '火锅丸串', 2221, 255, 1, 0, '', ''),
(2226, 0, '速冻半成品', 2221, 255, 1, 0, '', ''),
(2227, 0, '奶酪/黄油', 2221, 255, 1, 0, '', ''),
(2228, 0, '中外名酒', 230, 255, 1, 0, '', ''),
(2229, 0, '白酒', 2228, 255, 1, 0, '', ''),
(2230, 0, '葡萄酒', 2228, 255, 1, 0, '', ''),
(2231, 0, '洋酒', 2228, 255, 1, 0, '', ''),
(2232, 0, '啤酒', 2228, 255, 1, 0, '', ''),
(2233, 0, '黄酒/养生酒', 2228, 255, 1, 0, '', ''),
(2234, 0, '收藏酒/陈年老酒', 2228, 255, 1, 0, '', ''),
(2235, 0, '进口食品', 230, 255, 1, 0, '', ''),
(2236, 0, '牛奶', 2235, 255, 1, 0, '', ''),
(2237, 0, '饼干蛋糕', 2235, 255, 1, 0, '', ''),
(2238, 0, '糖果/巧克力', 2235, 255, 1, 0, '', ''),
(2239, 0, '休闲零食', 2235, 255, 1, 0, '', ''),
(2240, 0, '冲调饮品', 2235, 255, 1, 0, '', ''),
(2241, 0, '粮油调味', 2235, 255, 1, 0, '', ''),
(2242, 0, '休闲食品', 230, 255, 1, 0, '', ''),
(2243, 0, '休闲零食', 2242, 255, 1, 0, '', ''),
(2244, 0, '坚果炒货', 2242, 255, 1, 0, '', ''),
(2245, 0, '肉干肉腩', 2242, 255, 1, 0, '', ''),
(2246, 0, '蜜饯果干', 2242, 255, 1, 0, '', ''),
(2247, 0, '糖果/巧克力', 2242, 255, 1, 0, '', ''),
(2248, 0, '饼干蛋糕', 2242, 255, 1, 0, '', ''),
(2249, 0, '无糖食品', 2242, 255, 1, 0, '', ''),
(2250, 0, '地方特产', 230, 255, 1, 0, '', ''),
(2251, 0, '新疆', 2250, 255, 1, 0, '', ''),
(2252, 0, '四川', 2250, 255, 1, 0, '', ''),
(2253, 0, '云南', 2250, 255, 1, 0, '', ''),
(2254, 0, '湖南', 2250, 255, 1, 0, '', ''),
(2255, 0, '内蒙', 2250, 255, 1, 0, '', ''),
(2256, 0, '北京', 2250, 255, 1, 0, '', ''),
(2257, 0, '山西', 2250, 255, 1, 0, '', ''),
(2258, 0, '福建', 2250, 255, 1, 0, '', ''),
(2259, 0, '东北', 2250, 255, 1, 0, '', ''),
(2260, 0, '其他', 2250, 255, 1, 0, '', ''),
(2261, 0, '茗茶', 230, 255, 1, 0, '', ''),
(2262, 0, '铁观音', 2261, 255, 1, 0, '', ''),
(2263, 0, '普洱', 2261, 255, 1, 0, '', ''),
(2264, 0, '龙井', 2261, 255, 1, 0, '', ''),
(2265, 0, '绿茶', 2261, 255, 1, 0, '', ''),
(2266, 0, '红茶', 2261, 255, 1, 0, '', ''),
(2267, 0, '乌龙茶', 2261, 255, 1, 0, '', '');
INSERT INTO `swd_gcategory` (`cate_id`, `store_id`, `cate_name`, `parent_id`, `sort_order`, `if_show`, `groupid`, `eval_tips`, `eval_templates`) VALUES
(2268, 0, '花草茶', 2261, 255, 1, 0, '', ''),
(2269, 0, '花果茶', 2261, 255, 1, 0, '', ''),
(2270, 0, '黑茶', 2261, 255, 1, 0, '', ''),
(2271, 0, '白茶', 2261, 255, 1, 0, '', ''),
(2272, 0, '养生茶', 2261, 255, 1, 0, '', ''),
(2273, 0, '其他茶', 2261, 255, 1, 0, '', ''),
(2274, 0, '饮料冲调', 230, 255, 1, 0, '', ''),
(2275, 0, '牛奶乳品', 2274, 255, 1, 0, '', ''),
(2276, 0, '饮料', 2274, 255, 1, 0, '', ''),
(2277, 0, '饮用水', 2274, 255, 1, 0, '', ''),
(2278, 0, '咖啡/奶茶', 2274, 255, 1, 0, '', ''),
(2279, 0, '蜂蜜/柚子茶', 2274, 255, 1, 0, '', ''),
(2280, 0, '冲饮谷物', 2274, 255, 1, 0, '', ''),
(2281, 0, '成人奶粉', 2274, 255, 1, 0, '', ''),
(2290, 0, '皮肤用药', 2282, 255, 1, 0, '', ''),
(2291, 0, '肠胃消化', 2282, 255, 1, 0, '', ''),
(2292, 0, '风湿骨外伤', 2282, 255, 1, 0, '', ''),
(2293, 0, '男科/泌尿', 2282, 255, 1, 0, '', ''),
(2294, 0, '妇科用药', 2282, 255, 1, 0, '', ''),
(2295, 0, '儿科用药', 2282, 255, 1, 0, '', ''),
(2296, 0, '心脑血管', 2282, 255, 1, 0, '', ''),
(2297, 0, '肝胆用药', 2282, 255, 1, 0, '', ''),
(2298, 0, '营养健康', 272, 255, 1, 0, '', ''),
(2299, 0, '调节免疫', 2298, 255, 1, 0, '', ''),
(2300, 0, '调节三高', 2298, 255, 1, 0, '', ''),
(2301, 0, '缓解疲劳', 2298, 255, 1, 0, '', ''),
(2302, 0, '美体塑身', 2298, 255, 1, 0, '', ''),
(2303, 0, '美容美颜', 2298, 255, 1, 0, '', ''),
(2304, 0, '肝肾养护', 2298, 255, 1, 0, '', ''),
(2305, 0, '肠胃养护', 2298, 255, 1, 0, '', ''),
(2306, 0, '明目益智', 2298, 255, 1, 0, '', ''),
(2307, 0, '骨骼健康', 2298, 255, 1, 0, '', ''),
(2308, 0, '改善睡眠', 2298, 255, 1, 0, '', ''),
(2309, 0, '抗氧化', 2298, 255, 1, 0, '', ''),
(2310, 0, '抗缺氧', 2298, 255, 1, 0, '', ''),
(2311, 0, '营养成分', 272, 255, 1, 0, '', ''),
(2312, 0, '维生素/矿物质', 2311, 255, 1, 0, '', ''),
(2313, 0, '蛋白质', 2311, 255, 1, 0, '', ''),
(2314, 0, '鱼油/磷脂', 2311, 255, 1, 0, '', ''),
(2315, 0, '螺旋藻', 2311, 255, 1, 0, '', ''),
(2316, 0, '番茄红素', 2311, 255, 1, 0, '', ''),
(2317, 0, '叶酸', 2311, 255, 1, 0, '', ''),
(2318, 0, '葡萄籽', 2311, 255, 1, 0, '', ''),
(2319, 0, '左旋肉碱', 2311, 255, 1, 0, '', ''),
(2320, 0, '辅酶Q10', 2311, 255, 1, 0, '', ''),
(2321, 0, '益生菌', 2311, 255, 1, 0, '', ''),
(2322, 0, '玛咖', 2311, 255, 1, 0, '', ''),
(2323, 0, '膳食纤维', 2311, 255, 1, 0, '', ''),
(2324, 0, '牛初乳', 2311, 255, 1, 0, '', ''),
(2325, 0, '胶原蛋白', 2311, 255, 1, 0, '', ''),
(2326, 0, '大豆异黄酮', 2311, 255, 1, 0, '', ''),
(2327, 0, '芦荟提取', 2311, 255, 1, 0, '', ''),
(2328, 0, '酵素', 2311, 255, 1, 0, '', ''),
(2329, 0, '滋补养生', 272, 255, 1, 0, '', ''),
(2330, 0, '阿胶', 2329, 255, 1, 0, '', ''),
(2331, 0, '蜂蜜/蜂产品', 2329, 255, 1, 0, '', ''),
(2332, 0, '枸杞', 2329, 255, 1, 0, '', ''),
(2333, 0, '燕窝', 2329, 255, 1, 0, '', ''),
(2334, 0, '海参', 2329, 255, 1, 0, '', ''),
(2335, 0, '冬虫夏草', 2329, 255, 1, 0, '', ''),
(2336, 0, '人参/西洋参', 2329, 255, 1, 0, '', ''),
(2337, 0, '三七', 2329, 255, 1, 0, '', ''),
(2338, 0, '鹿茸', 2329, 255, 1, 0, '', ''),
(2339, 0, '雪蛤', 2329, 255, 1, 0, '', ''),
(2340, 0, '青钱柳', 2329, 255, 1, 0, '', ''),
(2341, 0, '石斛/枫斗', 2329, 255, 1, 0, '', ''),
(2342, 0, '灵芝/孢子粉', 2329, 255, 1, 0, '', ''),
(2343, 0, '当归', 2329, 255, 1, 0, '', ''),
(2344, 0, '养生茶饮', 2329, 255, 1, 0, '', ''),
(2345, 0, '药食同源', 2329, 255, 1, 0, '', ''),
(2346, 0, '成人用品', 272, 255, 1, 0, '', ''),
(2347, 0, '安全避孕', 2346, 255, 1, 0, '', ''),
(2348, 0, '验孕测孕', 2346, 255, 1, 0, '', ''),
(2349, 0, '人体润滑', 2346, 255, 1, 0, '', ''),
(2350, 0, '男用延时', 2346, 255, 1, 0, '', ''),
(2351, 0, '男用器具', 2346, 255, 1, 0, '', ''),
(2352, 0, '女用器具', 2346, 255, 1, 0, '', ''),
(2353, 0, '情趣内衣', 2346, 255, 1, 0, '', ''),
(2354, 0, '保健器械', 272, 255, 1, 0, '', ''),
(2355, 0, '血压计', 2354, 255, 1, 0, '', ''),
(2356, 0, '血糖仪', 2354, 255, 1, 0, '', ''),
(2357, 0, '血氧仪', 2354, 255, 1, 0, '', ''),
(2358, 0, '体温计', 2354, 255, 1, 0, '', ''),
(2359, 0, '体重秤', 2354, 255, 1, 0, '', ''),
(2360, 0, '胎心仪', 2354, 255, 1, 0, '', ''),
(2361, 0, '呼吸制氧', 2354, 255, 1, 0, '', ''),
(2362, 0, '雾化器', 2354, 255, 1, 0, '', ''),
(2363, 0, '助听器', 2354, 255, 1, 0, '', ''),
(2364, 0, '轮椅', 2354, 255, 1, 0, '', ''),
(2365, 0, '拐杖', 2354, 255, 1, 0, '', ''),
(2366, 0, '中医保健', 2354, 255, 1, 0, '', ''),
(2367, 0, '养生器械', 2354, 255, 1, 0, '', ''),
(2368, 0, '理疗仪', 2354, 255, 1, 0, '', ''),
(2369, 0, '家庭护理', 2354, 255, 1, 0, '', ''),
(2370, 0, '智能健康', 2354, 255, 1, 0, '', ''),
(2371, 0, '护理护具', 272, 255, 1, 0, '', ''),
(2372, 0, '隐形眼镜', 2371, 255, 1, 0, '', ''),
(2373, 0, '护理液', 2371, 255, 1, 0, '', ''),
(2374, 0, '口罩', 2371, 255, 1, 0, '', ''),
(2375, 0, '眼罩/耳塞', 2371, 255, 1, 0, '', ''),
(2376, 0, '跌打损伤', 2371, 255, 1, 0, '', ''),
(2377, 0, '暖贴', 2371, 255, 1, 0, '', ''),
(2378, 0, '鼻喉护理', 2371, 255, 1, 0, '', ''),
(2379, 0, '眼部保健', 2371, 255, 1, 0, '', ''),
(2380, 0, '美体护理', 2371, 255, 1, 0, '', ''),
(2381, 0, '音像', 1210, 255, 1, 0, '', ''),
(2382, 0, '音乐', 2381, 255, 1, 0, '', ''),
(2384, 0, '影视', 2381, 255, 1, 0, '', ''),
(2385, 0, '教育音像', 2381, 255, 1, 0, '', ''),
(2386, 0, '游戏', 2381, 255, 1, 0, '', ''),
(2387, 0, '影视/动漫周边', 2381, 255, 1, 0, '', ''),
(2388, 0, '少儿', 1210, 255, 1, 0, '', ''),
(2389, 0, '0-2岁', 2388, 255, 1, 0, '', ''),
(2390, 0, '3-6岁', 2388, 255, 1, 0, '', ''),
(2391, 0, '7-10岁', 2388, 255, 1, 0, '', ''),
(2392, 0, '11-14岁', 2388, 255, 1, 0, '', ''),
(2393, 0, '儿童文学', 2388, 255, 1, 0, '', ''),
(2394, 0, '绘本', 2388, 255, 1, 0, '', ''),
(2395, 0, '科普', 2388, 255, 1, 0, '', ''),
(2396, 0, '幼儿启蒙', 2388, 255, 1, 0, '', ''),
(2397, 0, '手工游戏', 2388, 255, 1, 0, '', ''),
(2398, 0, '智力开发', 2388, 255, 1, 0, '', ''),
(2399, 0, '文艺', 1210, 255, 1, 0, '', ''),
(2400, 0, '教育', 1210, 255, 1, 0, '', ''),
(2401, 0, '教材', 2400, 255, 1, 0, '', ''),
(2402, 0, '中小学教辅', 2400, 255, 1, 0, '', ''),
(2403, 0, '考试', 2400, 255, 1, 0, '', ''),
(2404, 0, '外语学习', 2400, 255, 1, 0, '', ''),
(2405, 0, '字典词典', 2400, 255, 1, 0, '', ''),
(2406, 0, '小说', 2399, 255, 1, 0, '', ''),
(2407, 0, '文学', 2399, 255, 1, 0, '', ''),
(2408, 0, '青春文学', 2399, 255, 1, 0, '', ''),
(2409, 0, '传记', 2399, 255, 1, 0, '', ''),
(2410, 0, '动漫', 2399, 255, 1, 0, '', ''),
(2411, 0, '艺术', 2399, 255, 1, 0, '', ''),
(2412, 0, '摄影', 2399, 255, 1, 0, '', ''),
(2413, 0, '经管励志', 1210, 255, 1, 0, '', ''),
(2414, 0, '管理', 2413, 255, 1, 0, '', ''),
(2415, 0, '金融与投资', 2413, 255, 1, 0, '', ''),
(2416, 0, '经济', 2413, 255, 1, 0, '', ''),
(2417, 0, '励志与成功', 2413, 255, 1, 0, '', ''),
(2418, 0, '人文社科', 1210, 255, 1, 0, '', ''),
(2419, 0, '历史', 2418, 255, 1, 0, '', ''),
(2420, 0, '心理学', 2418, 255, 1, 0, '', ''),
(2421, 0, '政治/军事', 2418, 255, 1, 0, '', ''),
(2422, 0, '国学/古籍', 2418, 255, 1, 0, '', ''),
(2423, 0, '哲学/宗教', 2418, 255, 1, 0, '', ''),
(2424, 0, '社会科学', 2418, 255, 1, 0, '', ''),
(2425, 0, '法律', 2418, 255, 1, 0, '', ''),
(2426, 0, '文化', 2418, 255, 1, 0, '', ''),
(2427, 0, '生活', 1210, 255, 1, 0, '', ''),
(2428, 0, '家教与育儿', 2427, 255, 1, 0, '', ''),
(2429, 0, '孕产', 2427, 255, 1, 0, '', ''),
(2430, 0, '健身保险', 2427, 255, 1, 0, '', ''),
(2431, 0, '旅游/地图', 2427, 255, 1, 0, '', ''),
(2432, 0, '美食', 2427, 255, 1, 0, '', ''),
(2433, 0, '时尚美妆', 2427, 255, 1, 0, '', ''),
(2434, 0, '家居', 2427, 255, 1, 0, '', ''),
(2435, 0, '手工DIY', 2427, 255, 1, 0, '', ''),
(2436, 0, '两性', 2427, 255, 1, 0, '', ''),
(2437, 0, '体育', 2427, 255, 1, 0, '', ''),
(2438, 0, '科技', 1210, 255, 1, 0, '', ''),
(2439, 0, '计算机与互联网', 2438, 255, 1, 0, '', ''),
(2440, 0, '科普', 2438, 255, 1, 0, '', ''),
(2441, 0, '建筑', 2438, 255, 1, 0, '', ''),
(2442, 0, '工业技术', 2438, 255, 1, 0, '', ''),
(2443, 0, '电子/通讯', 2438, 255, 1, 0, '', ''),
(2444, 0, '医学', 2438, 255, 1, 0, '', ''),
(2445, 0, '科学与自然', 2438, 255, 1, 0, '', ''),
(2446, 0, '农林', 2438, 255, 1, 0, '', ''),
(2447, 0, '刊/原版', 1210, 255, 1, 0, '', ''),
(2448, 0, '杂志/期刊', 2447, 255, 1, 0, '', ''),
(2449, 0, '英文原版书', 2447, 255, 1, 0, '', ''),
(2450, 0, '港台图书', 2447, 255, 1, 0, '', ''),
(2451, 0, '电子书', 1210, 255, 1, 0, '', ''),
(2452, 0, '畅读VIP', 2451, 255, 1, 0, '', ''),
(2453, 0, '小说', 2451, 255, 1, 0, '', ''),
(2454, 0, '励志与成功', 2451, 255, 1, 0, '', ''),
(2455, 0, '经济金融', 2451, 255, 1, 0, '', ''),
(2456, 0, '文学', 2451, 255, 1, 0, '', ''),
(2457, 0, '社科', 2451, 255, 1, 0, '', ''),
(2458, 0, '婚恋两性', 2451, 255, 1, 0, '', ''),
(2459, 0, '外文原版', 2451, 255, 1, 0, '', ''),
(2460, 0, '免费', 2451, 255, 1, 0, '', ''),
(2461, 0, '数字音乐', 1210, 255, 1, 0, '', ''),
(2462, 0, '通俗流行', 2461, 255, 1, 0, '', ''),
(2463, 0, '古典音乐', 2461, 255, 1, 0, '', ''),
(2464, 0, '摇滚说唱', 2461, 255, 1, 0, '', ''),
(2465, 0, '爵士蓝调', 2461, 255, 1, 0, '', ''),
(2466, 0, '乡村民谣', 2461, 255, 1, 0, '', ''),
(2467, 0, '彩票', 1211, 255, 1, 0, '', ''),
(2468, 0, '双色球', 2467, 255, 1, 0, '', ''),
(2469, 0, '福彩3D', 2467, 255, 1, 0, '', ''),
(2470, 0, '七乐彩', 2467, 255, 1, 0, '', ''),
(2471, 0, '新时时彩', 2467, 255, 1, 0, '', ''),
(2472, 0, '快3', 2467, 255, 1, 0, '', ''),
(2473, 0, '大乐透', 2467, 255, 1, 0, '', ''),
(2474, 0, '排列3', 2467, 255, 1, 0, '', ''),
(2475, 0, '七星彩', 2467, 255, 1, 0, '', ''),
(2476, 0, '新11选5', 2467, 255, 1, 0, '', ''),
(2477, 0, '11选5', 2467, 255, 1, 0, '', ''),
(2478, 0, '竞彩足球', 2467, 255, 1, 0, '', ''),
(2479, 0, '竞彩篮球', 2467, 255, 1, 0, '', ''),
(2480, 0, '北单', 2467, 255, 1, 0, '', ''),
(2481, 0, '足彩', 2467, 255, 1, 0, '', ''),
(2482, 0, '排列5', 2467, 255, 1, 0, '', ''),
(2483, 0, '通讯充值', 1211, 255, 1, 0, '', ''),
(2484, 0, '手机话费充值', 2483, 255, 1, 0, '', ''),
(2485, 0, '手机流量充值', 2483, 255, 1, 0, '', ''),
(2486, 0, '游戏', 1211, 255, 1, 0, '', ''),
(2487, 0, 'QQ充值', 2486, 255, 1, 0, '', ''),
(2488, 0, '游戏点卡', 2486, 255, 1, 0, '', ''),
(2489, 0, '网页游戏', 2486, 255, 1, 0, '', ''),
(2490, 0, '游戏周边', 2486, 255, 1, 0, '', ''),
(2491, 0, '手机游戏', 2486, 255, 1, 0, '', ''),
(2492, 0, '单机游戏', 2486, 255, 1, 0, '', ''),
(2493, 0, '本地生活', 1211, 255, 1, 0, '', ''),
(2494, 0, '外卖订座', 2493, 255, 1, 0, '', ''),
(2495, 0, '生活缴费', 2493, 255, 1, 0, '', ''),
(2496, 0, '健康丽人', 2493, 255, 1, 0, '', ''),
(2497, 0, '演出票务', 1211, 255, 1, 0, '', ''),
(2498, 0, '电影选座', 2497, 255, 1, 0, '', ''),
(2499, 0, '演唱会', 2497, 255, 1, 0, '', ''),
(2500, 0, '音乐会', 2497, 255, 1, 0, '', ''),
(2501, 0, '话剧歌剧', 2497, 255, 1, 0, '', ''),
(2502, 0, '体育赛事', 2497, 255, 1, 0, '', ''),
(2503, 0, '舞蹈芭蕾', 2497, 255, 1, 0, '', ''),
(2504, 0, '戏曲综艺', 2497, 255, 1, 0, '', ''),
(2505, 0, '教育培训', 1211, 255, 1, 0, '', ''),
(2506, 0, '早教幼教', 2505, 255, 1, 0, '', ''),
(2507, 0, '中小学教育', 2505, 255, 1, 0, '', ''),
(2508, 0, '语言/留学', 2505, 255, 1, 0, '', ''),
(2509, 0, '学历教育', 2505, 255, 1, 0, '', ''),
(2510, 0, '职业技能', 2505, 255, 1, 0, '', ''),
(2511, 0, '兴趣爱好', 2505, 255, 1, 0, '', ''),
(2512, 0, '商旅服务', 1211, 255, 1, 0, '', ''),
(2513, 0, '企业差旅', 2512, 255, 1, 0, '', ''),
(2514, 0, '鼓励旅游', 2512, 255, 1, 0, '', ''),
(2515, 0, '会议周边', 2512, 255, 1, 0, '', ''),
(2516, 0, '会议活动', 2512, 255, 1, 0, '', ''),
(2517, 0, '出行服务', 1211, 255, 1, 0, '', ''),
(2518, 0, '国内机票', 2517, 255, 1, 0, '', ''),
(2519, 0, '国际机票', 2517, 255, 1, 0, '', ''),
(2520, 0, '火车票', 2517, 255, 1, 0, '', ''),
(2521, 0, '机场服务', 2517, 255, 1, 0, '', ''),
(2522, 0, '酒店预订', 1211, 255, 1, 0, '', ''),
(2523, 0, '旅游度假', 1211, 255, 1, 0, '', ''),
(2524, 0, '签证门票', 1211, 255, 1, 0, '', ''),
(2525, 0, '国内酒店', 2522, 255, 1, 0, '', ''),
(2526, 0, '特惠酒店', 2522, 255, 1, 0, '', ''),
(2527, 0, '度假首页', 2523, 255, 1, 0, '', ''),
(2528, 0, '旅行保险', 2523, 255, 1, 0, '', ''),
(2529, 0, '全球签证', 2524, 255, 1, 0, '', ''),
(2530, 0, '景点门票', 2524, 255, 1, 0, '', ''),
(2531, {seller_id}, '2P（约21-34m^2）', 1204, 255, 1, 0, '', ''),
(2532, {seller_id}, '2.5P（约27-42m^2）', 1204, 255, 1, 0, '', ''),
(2533, {seller_id}, '3P（约32-50m^2）', 1204, 255, 1, 0, '', ''),
(2540, 0, '男鞋', 0, 11, 1, 5, '', ''),
(2541, 0, '女鞋', 0, 10, 1, 5, '', ''),
(2542, 0, '数码配件', 63, 255, 1, 0, '', ''),
(2545, 0, '清洁用品', 0, 16, 1, 8, '', ''),
(2546, 0, '办公耗材', 0, 14, 1, 7, '', ''),
(2547, 0, '安装保养', 0, 255, 1, 16, '', ''),
(2548, 0, '清洁服务', 0, 255, 1, 16, '', ''),
(2549, 0, '安装服务', 2547, 255, 1, 0, '', ''),
(2550, 0, '保养服务', 2547, 255, 1, 0, '', ''),
(2551, 0, '清洁', 2548, 255, 1, 0, '', ''),
(2552, 0, '护工服务', 2548, 255, 1, 0, '', ''),
(2553, 0, '家纺', 1500, 255, 1, 0, '', ''),
(2554, 0, '装饰', 1500, 255, 1, 0, '', '');

--
-- 导出表中的数据 `swd_goods`
--
delete from `swd_goods`;
INSERT INTO `swd_goods` (`goods_id`, `store_id`, `type`, `goods_name`, `description`, `cate_id`, `cate_name`, `brand`, `spec_qty`, `spec_name_1`, `spec_name_2`, `if_show`, `closed`, `close_reason`, `add_time`, `last_update`, `default_spec`, `default_image`, `recommended`, `cate_id_1`, `cate_id_2`, `cate_id_3`, `cate_id_4`, `price`, `delivery_template_id`, `tags`) VALUES
(345,{seller_id}, 'material', '米菲朵 防晒衣女中长款2018夏季新款女装韩版宽松印花学生bf连帽薄外套女潮 白色中长款 M', '<img src="http://b2b2c.mibao123.com/data/files/store_2/goods_159/201805071719197991.jpg" alt="6.jpg" /><img src="http://b2b2c.mibao123.com/data/files/store_2/goods_158/201805071719188704.jpg" alt="5.jpg" /><img src="http://b2b2c.mibao123.com/data/files/store_2/goods_158/201805071719183421.jpg" alt="3.jpg" /><img src="http://b2b2c.mibao123.com/data/files/store_2/goods_158/201805071719186045.jpg" alt="4.jpg" /><img src="http://b2b2c.mibao123.com/data/files/store_2/goods_158/201805071719188620.jpg" alt="2.jpg" /><img src="http://b2b2c.mibao123.com/data/files/store_2/goods_158/201805071719187910.jpg" alt="1.jpg" />', 1570, '', '', 0, '', '', 1, 0, NULL, 1525655980, 1529435557, 458, 'data/files/store_2/goods_149/small_201805071719098996.jpg', 1, 2, 1212, 1570, 0, '158.00', 1, ''),
(339,{seller_id}, 'material', '朵艾丝 双面呢羊毛大衣中长款毛呢大衣女2017新款 秋冬韩版修身西装毛呢外套双面羊绒大衣 焦糖色 XL', '<img src="http://b2b2c.mibao123.com/data/files/store_2/goods_82/201805071644426837.jpg" alt="1.jpg" /><img src="http://b2b2c.mibao123.com/data/files/store_2/goods_82/201805071644424046.jpg" alt="2.jpg" /><img src="http://b2b2c.mibao123.com/data/files/store_2/goods_82/201805071644423274.jpg" alt="4.jpg" /><img src="http://b2b2c.mibao123.com/data/files/store_2/goods_82/201805071644427615.jpg" alt="5.jpg" />', 1579, '', '', 0, '', '', 1, 0, NULL, 1525653903, 1525653903, 452, 'data/files/store_2/goods_69/small_201805071644295476.jpg', 1, 2, 1212, 1579, 0, '880.00', 1, ''),
(340,{seller_id}, 'material', '哥弟女装2018春季新款长袖假两件棒球夹克外套A400057 黑 S(2码)', '<img src="http://b2b2c.mibao123.com/data/files/store_2/goods_100/201805071648209881.jpg" alt="1.jpg" /><img src="http://b2b2c.mibao123.com/data/files/store_2/goods_100/201805071648205760.jpg" alt="4.jpg" /><img src="http://b2b2c.mibao123.com/data/files/store_2/goods_100/201805071648204598.jpg" alt="2.jpg" /><img src="http://b2b2c.mibao123.com/data/files/store_2/goods_100/201805071648205255.jpg" alt="5.jpg" /><img src="http://b2b2c.mibao123.com/data/files/store_2/goods_100/201805071648202213.jpg" alt="6.jpg" />', 1575, '', '', 0, '', '', 1, 0, NULL, 1525654126, 1525654126, 453, 'data/files/store_2/goods_89/small_201805071648096196.jpg', 1, 2, 1212, 1575, 0, '550.00', 1, ''),
(342,{seller_id}, 'material', '晗韵洛2018春秋季新款宽松夹克显瘦长袖棒球服开衫韩版时尚休闲短款外套女 白色 均码', '<img src="http://b2b2c.mibao123.com/data/files/store_2/goods_109/201805071701496201.jpg" alt="4.jpg" /><img src="http://b2b2c.mibao123.com/data/files/store_2/goods_109/201805071701491321.jpg" alt="5.jpg" /><img src="http://b2b2c.mibao123.com/data/files/store_2/goods_109/201805071701496687.jpg" alt="3.jpg" /><img src="http://b2b2c.mibao123.com/data/files/store_2/goods_109/201805071701495761.jpg" alt="2.jpg" /><img src="http://b2b2c.mibao123.com/data/files/store_2/goods_109/201805071701497982.jpg" alt="1.jpg" /><img src="http://b2b2c.mibao123.com/data/files/store_2/goods_109/201805071701499148.jpg" alt="6.jpg" /><img src="http://b2b2c.mibao123.com/data/files/store_2/goods_109/201805071701497096.jpg" alt="7.jpg" />', 1575, '', '', 0, '', '', 1, 0, NULL, 1525654930, 1525654930, 455, 'data/files/store_2/goods_90/small_201805071701308177.jpg', 1, 2, 1212, 1575, 0, '128.00', 1, ''),
(343,{seller_id}, 'material', 'HMDIME 2018夏季新款女装 短款外套女韩版棒球服休闲夹克防晒衣女夏 520F6538 橘色 165/90A(L)', '<img src="http://b2b2c.mibao123.com/data/files/store_2/goods_117/201805071711578581.jpg" alt="2.jpg" /><img src="http://b2b2c.mibao123.com/data/files/store_2/goods_117/201805071711572592.jpg" alt="1.jpg" /><img src="http://b2b2c.mibao123.com/data/files/store_2/goods_117/201805071711574661.jpg" alt="3.jpg" /><img src="http://b2b2c.mibao123.com/data/files/store_2/goods_118/201805071711583223.jpg" alt="4.jpg" />', 1575, '', '', 0, '', '', 1, 0, NULL, 1525655529, 1525655529, 456, 'data/files/store_2/goods_106/small_201805071711466537.jpg', 1, 2, 1212, 1575, 0, '128.00', 1, ''),
(344,{seller_id}, 'material', '慕荟（muhui）短外套女春2018春秋新款中长款牛仔外套女百搭韩版防晒衣女宽松休闲风衣外套女528 主图色 L', '<img src="http://b2b2c.mibao123.com/data/files/store_2/goods_137/201805071715373172.png" alt="3.png" /><img src="http://b2b2c.mibao123.com/data/files/store_2/goods_137/201805071715375815.png" alt="2.png" /><img src="http://b2b2c.mibao123.com/data/files/store_2/goods_137/201805071715373476.png" alt="4.png" /><img src="http://b2b2c.mibao123.com/data/files/store_2/goods_137/201805071715374759.png" alt="1.png" /><img src="http://b2b2c.mibao123.com/data/files/store_2/goods_138/201805071715388132.png" alt="5.png" /><img src="http://b2b2c.mibao123.com/data/files/store_2/goods_138/201805071715383070.png" alt="6.png" /><img src="http://b2b2c.mibao123.com/data/files/store_2/goods_139/201805071715398330.png" alt="7.png" />', 1575, '', '', 0, '', '', 1, 0, NULL, 1525655756, 1525655756, 457, 'data/files/store_2/goods_103/small_201805071715039323.jpg', 1, 2, 1212, 1575, 0, '169.00', 1, ''),
(338,{seller_id}, 'material', '吉禾伊嘉呢子双面呢大衣2017新款双面绒羊绒羊毛呢大衣女中长款毛呢外套 驼色预售 L', '<img src="http://b2b2c.mibao123.com/data/files/store_2/goods_133/201805071642136006.jpg" alt="1.jpg" /><img src="http://b2b2c.mibao123.com/data/files/store_2/goods_133/201805071642134814.jpg" alt="2.jpg" /><img src="http://b2b2c.mibao123.com/data/files/store_2/goods_133/201805071642133181.jpg" alt="3.jpg" /><img src="http://b2b2c.mibao123.com/data/files/store_2/goods_133/201805071642134312.jpg" alt="4.jpg" /><img src="http://b2b2c.mibao123.com/data/files/store_2/goods_133/201805071642133032.jpg" alt="6.jpg" /><img src="http://b2b2c.mibao123.com/data/files/store_2/goods_133/201805071642134532.jpg" alt="7.jpg" /><img src="http://b2b2c.mibao123.com/data/files/store_2/goods_133/201805071642139241.jpg" alt="5.jpg" />', 1579, '', '', 0, '', '', 1, 0, NULL, 1525653753, 1525653753, 451, 'data/files/store_2/goods_122/small_201805071642024040.jpg', 1, 2, 1212, 1579, 0, '758.00', 1, ''),
(334,{seller_id}, 'material', 'olrain欧芮儿2018年春装新款女装显瘦翻领双排扣风衣女中长款外套女长袖 卡其色 L', '<img src="http://b2b2c.mibao123.com/data/files/store_2/goods_29/201805071617099276.jpg" alt="5.jpg" /><img src="http://b2b2c.mibao123.com/data/files/store_2/goods_29/201805071617099226.jpg" alt="4.jpg" /><img src="http://b2b2c.mibao123.com/data/files/store_2/goods_29/201805071617093791.jpg" alt="3.jpg" /><img src="http://b2b2c.mibao123.com/data/files/store_2/goods_29/201805071617098114.jpg" alt="2.jpg" /><img src="http://b2b2c.mibao123.com/data/files/store_2/goods_29/201805071617098870.jpg" alt="1.jpg" />', 1578, '', '', 0, '', '', 1, 0, NULL, 1525652247, 1525656834, 447, 'data/files/store_2/goods_17/small_201805071616576486.jpg', 1, 2, 1212, 1578, 0, '418.00', 1, ''),
(335,{seller_id}, 'material', '春秋季新品韩版修身风衣女2018宽松新款系带中长款女风衣英伦外套女大衣 藏蓝色 M', '<img src="http://b2b2c.mibao123.com/data/files/store_2/goods_144/201805071622244621.jpg" alt="2.jpg" /><img src="http://b2b2c.mibao123.com/data/files/store_2/goods_144/201805071622245225.jpg" alt="1.jpg" /><img src="http://b2b2c.mibao123.com/data/files/store_2/goods_144/201805071622244131.jpg" alt="3.jpg" /><img src="http://b2b2c.mibao123.com/data/files/store_2/goods_144/201805071622249953.jpg" alt="4.jpg" /><img src="http://b2b2c.mibao123.com/data/files/store_2/goods_144/201805071622246960.jpg" alt="5.jpg" /><img src="http://b2b2c.mibao123.com/data/files/store_2/goods_144/201805071622249652.jpg" alt="6.jpg" /><img src="http://b2b2c.mibao123.com/data/files/store_2/goods_144/201805071622243074.jpg" alt="7.jpg" />', 1578, '', '', 0, '', '', 1, 0, NULL, 1525652564, 1525656849, 448, 'data/files/store_2/goods_126/small_201805071622068852.jpg', 1, 2, 1212, 1578, 0, '299.00', 1, ''),
(336,{seller_id}, 'material', '梅美娜 风衣女中长款2018春装新款韩版修身系带长袖休闲外套女M1595 青色 M', '<img src="http://b2b2c.mibao123.com/data/files/store_2/goods_36/201805071627169738.jpg" alt="5.jpg" /><img src="http://b2b2c.mibao123.com/data/files/store_2/goods_36/201805071627169317.jpg" alt="3.jpg" /><img src="http://b2b2c.mibao123.com/data/files/store_2/goods_36/201805071627167061.jpg" alt="1.jpg" /><img src="http://b2b2c.mibao123.com/data/files/store_2/goods_36/201805071627164839.jpg" alt="2.jpg" /><img src="http://b2b2c.mibao123.com/data/files/store_2/goods_36/201805071627162484.jpg" alt="6.jpg" /><img src="http://b2b2c.mibao123.com/data/files/store_2/goods_36/201805071627164554.jpg" alt="4.jpg" />', 1578, '', '', 0, '', '', 1, 0, NULL, 1525652855, 1525656865, 449, 'data/files/store_2/goods_20/small_201805071627007453.jpg', 1, 2, 1212, 1578, 0, '158.00', 1, '');

--
-- 导出表中的数据 `swd_goods_image`
--
delete from `swd_goods_image`;
INSERT INTO `swd_goods_image` (`image_id`, `goods_id`, `image_url`, `thumbnail`, `sort_order`, `file_id`) VALUES
(799, 334, 'data/files/store_2/goods_17/201805071616578168.jpg', 'data/files/store_2/goods_17/small_201805071616578168.jpg', 255, 240),
(800, 334, 'data/files/store_2/goods_17/201805071616576486.jpg', 'data/files/store_2/goods_17/small_201805071616576486.jpg', 1, 241),
(801, 334, 'data/files/store_2/goods_17/201805071616576182.png', 'data/files/store_2/goods_17/small_201805071616576182.png', 255, 242),
(802, 335, 'data/files/store_2/goods_126/201805071622066005.jpg', 'data/files/store_2/goods_126/small_201805071622066005.jpg', 255, 249),
(803, 335, 'data/files/store_2/goods_126/201805071622069202.jpg', 'data/files/store_2/goods_126/small_201805071622069202.jpg', 255, 250),
(804, 335, 'data/files/store_2/goods_126/201805071622066981.jpg', 'data/files/store_2/goods_126/small_201805071622066981.jpg', 255, 251),
(805, 335, 'data/files/store_2/goods_126/201805071622068666.jpg', 'data/files/store_2/goods_126/small_201805071622068666.jpg', 255, 252),
(806, 335, 'data/files/store_2/goods_126/201805071622068852.jpg', 'data/files/store_2/goods_126/small_201805071622068852.jpg', 1, 253),
(807, 336, 'data/files/store_2/goods_20/201805071627007453.jpg', 'data/files/store_2/goods_20/small_201805071627007453.jpg', 1, 261),
(808, 336, 'data/files/store_2/goods_20/201805071627008581.jpg', 'data/files/store_2/goods_20/small_201805071627008581.jpg', 255, 262),
(809, 336, 'data/files/store_2/goods_20/201805071627003719.jpg', 'data/files/store_2/goods_20/small_201805071627003719.jpg', 255, 263),
(814, 338, 'data/files/store_2/goods_122/201805071642022119.jpg', 'data/files/store_2/goods_122/small_201805071642022119.jpg', 255, 280),
(815, 338, 'data/files/store_2/goods_122/201805071642029608.jpg', 'data/files/store_2/goods_122/small_201805071642029608.jpg', 255, 281),
(816, 338, 'data/files/store_2/goods_122/201805071642028127.jpg', 'data/files/store_2/goods_122/small_201805071642028127.jpg', 255, 282),
(817, 338, 'data/files/store_2/goods_122/201805071642024040.jpg', 'data/files/store_2/goods_122/small_201805071642024040.jpg', 1, 283),
(818, 339, 'data/files/store_2/goods_69/201805071644295476.jpg', 'data/files/store_2/goods_69/small_201805071644295476.jpg', 1, 291),
(819, 339, 'data/files/store_2/goods_69/201805071644296049.jpg', 'data/files/store_2/goods_69/small_201805071644296049.jpg', 255, 293),
(820, 339, 'data/files/store_2/goods_69/201805071644298335.jpg', 'data/files/store_2/goods_69/small_201805071644298335.jpg', 255, 292),
(821, 339, 'data/files/store_2/goods_69/201805071644297397.jpg', 'data/files/store_2/goods_69/small_201805071644297397.jpg', 255, 294),
(822, 340, 'data/files/store_2/goods_89/201805071648092372.jpg', 'data/files/store_2/goods_89/small_201805071648092372.jpg', 255, 302),
(823, 340, 'data/files/store_2/goods_89/201805071648091631.jpg', 'data/files/store_2/goods_89/small_201805071648091631.jpg', 255, 301),
(824, 340, 'data/files/store_2/goods_89/201805071648096496.jpg', 'data/files/store_2/goods_89/small_201805071648096496.jpg', 255, 303),
(825, 340, 'data/files/store_2/goods_89/201805071648096196.jpg', 'data/files/store_2/goods_89/small_201805071648096196.jpg', 1, 304),
(830, 342, 'data/files/store_2/goods_89/201805071701291302.jpg', 'data/files/store_2/goods_89/small_201805071701291302.jpg', 255, 327),
(831, 342, 'data/files/store_2/goods_89/201805071701297108.jpg', 'data/files/store_2/goods_89/small_201805071701297108.jpg', 255, 328),
(832, 342, 'data/files/store_2/goods_89/201805071701294735.jpg', 'data/files/store_2/goods_89/small_201805071701294735.jpg', 255, 329),
(833, 342, 'data/files/store_2/goods_90/201805071701308177.jpg', 'data/files/store_2/goods_90/small_201805071701308177.jpg', 1, 330),
(834, 342, 'data/files/store_2/goods_90/201805071701305351.jpg', 'data/files/store_2/goods_90/small_201805071701305351.jpg', 255, 331),
(835, 343, 'data/files/store_2/goods_106/201805071711466537.jpg', 'data/files/store_2/goods_106/small_201805071711466537.jpg', 1, 339),
(836, 343, 'data/files/store_2/goods_106/201805071711466305.jpg', 'data/files/store_2/goods_106/small_201805071711466305.jpg', 255, 340),
(837, 343, 'data/files/store_2/goods_106/201805071711469518.jpg', 'data/files/store_2/goods_106/small_201805071711469518.jpg', 255, 341),
(838, 343, 'data/files/store_2/goods_106/201805071711466590.jpg', 'data/files/store_2/goods_106/small_201805071711466590.jpg', 255, 342),
(839, 344, 'data/files/store_2/goods_103/201805071715036866.jpg', 'data/files/store_2/goods_103/small_201805071715036866.jpg', 255, 347),
(840, 344, 'data/files/store_2/goods_103/201805071715035385.jpg', 'data/files/store_2/goods_103/small_201805071715035385.jpg', 255, 348),
(841, 344, 'data/files/store_2/goods_103/201805071715039323.jpg', 'data/files/store_2/goods_103/small_201805071715039323.jpg', 1, 349),
(842, 344, 'data/files/store_2/goods_103/201805071715036566.jpg', 'data/files/store_2/goods_103/small_201805071715036566.jpg', 255, 350),
(843, 345, 'data/files/store_2/goods_149/201805071719098996.jpg', 'data/files/store_2/goods_149/small_201805071719098996.jpg', 1, 359),
(844, 345, 'data/files/store_2/goods_149/201805071719093611.jpg', 'data/files/store_2/goods_149/small_201805071719093611.jpg', 255, 360),
(845, 345, 'data/files/store_2/goods_149/201805071719096204.jpg', 'data/files/store_2/goods_149/small_201805071719096204.jpg', 255, 361),
(846, 345, 'data/files/store_2/goods_149/201805071719091730.jpg', 'data/files/store_2/goods_149/small_201805071719091730.jpg', 255, 362);
--
-- 导出表中的数据 `swd_goods_spec`
--
delete from `swd_goods_spec`;
INSERT INTO `swd_goods_spec` (`spec_id`, `goods_id`, `spec_1`, `spec_2`, `color_rgb`, `price`, `stock`, `sku`, `spec_image`, `sort_order`) VALUES
(447, 334, '', '', '', '418.00', 99, '', '', 255),
(448, 335, '', '', '', '299.00', 99, '', '', 255),
(449, 336, '', '', '', '158.00', 98, '', '', 255),
(451, 338, '', '', '', '758.00', 97, '', '', 255),
(452, 339, '', '', '', '880.00', 99, '', '', 255),
(453, 340, '', '', '', '550.00', 99, '', '', 255),
(455, 342, '', '', '', '128.00', 97, '', '', 255),
(456, 343, '', '', '', '128.00', 96, '', '', 255),
(457, 344, '', '', '', '169.00', 99, '', '', 255),
(458, 345, '', '', '', '158.00', 96, '', '', 255);


--
-- 导出表中的数据 `swd_uploaded_file`
--
delete from `swd_uploaded_file`;
INSERT INTO `swd_uploaded_file` (`file_id`, `store_id`, `file_type`, `file_size`, `file_name`, `file_path`, `add_time`, `belong`, `item_id`, `link_url`) VALUES
(240, {seller_id}, 'image/jpeg', 96019, '5a9f8a60Nfc963377.jpg', 'data/files/store_2/goods_17/201805071616578168.jpg', 1525652217, 2, 334, ''),
(241, {seller_id}, 'image/jpeg', 125952, '5aeab874N48bb7e6e.jpg', 'data/files/store_2/goods_17/201805071616576486.jpg', 1525652217, 2, 334, ''),
(242, {seller_id}, 'image/png', 334641, '5a9f8a65N134aa5dc.png', 'data/files/store_2/goods_17/201805071616576182.png', 1525652217, 2, 334, ''),
(243, {seller_id}, 'image/jpeg', 141961, '1.jpg', 'data/files/store_2/goods_29/201805071617098870.jpg', 1525652229, 2, 334, ''),
(244, {seller_id}, 'image/jpeg', 113413, '2.jpg', 'data/files/store_2/goods_29/201805071617098114.jpg', 1525652229, 2, 334, ''),
(245, {seller_id}, 'image/jpeg', 126861, '3.jpg', 'data/files/store_2/goods_29/201805071617093791.jpg', 1525652229, 2, 334, ''),
(246, {seller_id}, 'image/jpeg', 123605, '4.jpg', 'data/files/store_2/goods_29/201805071617099226.jpg', 1525652229, 2, 334, ''),
(247, {seller_id}, 'image/jpeg', 163648, '5.jpg', 'data/files/store_2/goods_29/201805071617099276.jpg', 1525652229, 2, 334, ''),
(248, {seller_id}, 'image/jpeg', 144456, '6.jpg', 'data/files/store_2/goods_29/201805071617093472.jpg', 1525652229, 2, 334, ''),
(249, {seller_id}, 'image/jpeg', 138244, '5ad6ba3bN6a742a61.jpg', 'data/files/store_2/goods_126/201805071622066005.jpg', 1525652526, 2, 335, ''),
(250, {seller_id}, 'image/jpeg', 128624, '5ad6ba36N3d8295fb.jpg', 'data/files/store_2/goods_126/201805071622069202.jpg', 1525652526, 2, 335, ''),
(251, {seller_id}, 'image/jpeg', 137216, '5ad6ba36Nb91eb096.jpg', 'data/files/store_2/goods_126/201805071622066981.jpg', 1525652526, 2, 335, ''),
(252, {seller_id}, 'image/jpeg', 121864, '5ad6ba37N4aebb989.jpg', 'data/files/store_2/goods_126/201805071622068666.jpg', 1525652526, 2, 335, ''),
(253, {seller_id}, 'image/jpeg', 128951, '5ad6ba38Nf5b09aba.jpg', 'data/files/store_2/goods_126/201805071622068852.jpg', 1525652526, 2, 335, ''),
(254, {seller_id}, 'image/jpeg', 55118, '2.jpg', 'data/files/store_2/goods_144/201805071622244621.jpg', 1525652544, 2, 335, ''),
(255, {seller_id}, 'image/jpeg', 54161, '1.jpg', 'data/files/store_2/goods_144/201805071622245225.jpg', 1525652544, 2, 335, ''),
(256, {seller_id}, 'image/jpeg', 157539, '3.jpg', 'data/files/store_2/goods_144/201805071622244131.jpg', 1525652544, 2, 335, ''),
(257, {seller_id}, 'image/jpeg', 121549, '4.jpg', 'data/files/store_2/goods_144/201805071622249953.jpg', 1525652544, 2, 335, ''),
(258, {seller_id}, 'image/jpeg', 156048, '5.jpg', 'data/files/store_2/goods_144/201805071622246960.jpg', 1525652544, 2, 335, ''),
(259, {seller_id}, 'image/jpeg', 154450, '7.jpg', 'data/files/store_2/goods_144/201805071622243074.jpg', 1525652544, 2, 335, ''),
(260, {seller_id}, 'image/jpeg', 179429, '6.jpg', 'data/files/store_2/goods_144/201805071622249652.jpg', 1525652544, 2, 335, ''),
(261, {seller_id}, 'image/jpeg', 144550, '5ae29e56N166f3c34.jpg', 'data/files/store_2/goods_20/201805071627007453.jpg', 1525652820, 2, 336, ''),
(262, {seller_id}, 'image/jpeg', 80400, '5ae29ed0N11b08531.jpg', 'data/files/store_2/goods_20/201805071627008581.jpg', 1525652820, 2, 336, ''),
(263, {seller_id}, 'image/jpeg', 100208, '5ae29ed3Nd79ee2d9.jpg', 'data/files/store_2/goods_20/201805071627003719.jpg', 1525652820, 2, 336, ''),
(264, {seller_id}, 'image/jpeg', 188042, '1.jpg', 'data/files/store_2/goods_36/201805071627167061.jpg', 1525652836, 2, 336, ''),
(265, {seller_id}, 'image/jpeg', 93306, '2.jpg', 'data/files/store_2/goods_36/201805071627164839.jpg', 1525652836, 2, 336, ''),
(266, {seller_id}, 'image/jpeg', 88217, '3.jpg', 'data/files/store_2/goods_36/201805071627169317.jpg', 1525652836, 2, 336, ''),
(267, {seller_id}, 'image/jpeg', 112102, '5.jpg', 'data/files/store_2/goods_36/201805071627169738.jpg', 1525652836, 2, 336, ''),
(268, {seller_id}, 'image/jpeg', 56844, '6.jpg', 'data/files/store_2/goods_36/201805071627162484.jpg', 1525652836, 2, 336, ''),
(269, {seller_id}, 'image/jpeg', 150587, '4.jpg', 'data/files/store_2/goods_36/201805071627164554.jpg', 1525652836, 2, 336, ''),
(280, {seller_id}, 'image/jpeg', 198596, '59b0d10bN4250e321.jpg', 'data/files/store_2/goods_122/201805071642022119.jpg', 1525653722, 2, 338, ''),
(281, {seller_id}, 'image/jpeg', 123826, '59b0d101N76a47b45.jpg', 'data/files/store_2/goods_122/201805071642029608.jpg', 1525653722, 2, 338, ''),
(282, {seller_id}, 'image/jpeg', 180259, '59b0d10fN396f45a1.jpg', 'data/files/store_2/goods_122/201805071642028127.jpg', 1525653722, 2, 338, ''),
(283, {seller_id}, 'image/jpeg', 211971, '59b0d112N13b1a833.jpg', 'data/files/store_2/goods_122/201805071642024040.jpg', 1525653722, 2, 338, ''),
(284, {seller_id}, 'image/jpeg', 219080, '2.jpg', 'data/files/store_2/goods_133/201805071642134814.jpg', 1525653733, 2, 338, ''),
(285, {seller_id}, 'image/jpeg', 199960, '1.jpg', 'data/files/store_2/goods_133/201805071642136006.jpg', 1525653733, 2, 338, ''),
(286, {seller_id}, 'image/jpeg', 206500, '3.jpg', 'data/files/store_2/goods_133/201805071642133181.jpg', 1525653733, 2, 338, ''),
(287, {seller_id}, 'image/jpeg', 206500, '4.jpg', 'data/files/store_2/goods_133/201805071642134312.jpg', 1525653733, 2, 338, ''),
(288, {seller_id}, 'image/jpeg', 217631, '6.jpg', 'data/files/store_2/goods_133/201805071642133032.jpg', 1525653733, 2, 338, ''),
(289, {seller_id}, 'image/jpeg', 124563, '5.jpg', 'data/files/store_2/goods_133/201805071642139241.jpg', 1525653733, 2, 338, ''),
(290, {seller_id}, 'image/jpeg', 146210, '7.jpg', 'data/files/store_2/goods_133/201805071642134532.jpg', 1525653733, 2, 338, ''),
(291, {seller_id}, 'image/jpeg', 128382, '59f80bcbNbef9cadb.jpg', 'data/files/store_2/goods_69/201805071644295476.jpg', 1525653869, 2, 339, ''),
(292, {seller_id}, 'image/jpeg', 109078, '59f89af9N70ae5fed.jpg', 'data/files/store_2/goods_69/201805071644298335.jpg', 1525653869, 2, 339, ''),
(293, {seller_id}, 'image/jpeg', 101514, '59f89afbNcdc519f2.jpg', 'data/files/store_2/goods_69/201805071644296049.jpg', 1525653869, 2, 339, ''),
(294, {seller_id}, 'image/jpeg', 99430, '59f89afdN0f2925ed.jpg', 'data/files/store_2/goods_69/201805071644297397.jpg', 1525653869, 2, 339, ''),
(295, {seller_id}, 'image/jpeg', 137876, '1.jpg', 'data/files/store_2/goods_82/201805071644426837.jpg', 1525653882, 2, 339, ''),
(296, {seller_id}, 'image/jpeg', 305652, '2.jpg', 'data/files/store_2/goods_82/201805071644424046.jpg', 1525653882, 2, 339, ''),
(297, {seller_id}, 'image/jpeg', 100428, '4.jpg', 'data/files/store_2/goods_82/201805071644423274.jpg', 1525653882, 2, 339, ''),
(298, {seller_id}, 'image/jpeg', 305652, '3.jpg', 'data/files/store_2/goods_82/201805071644429651.jpg', 1525653882, 2, 339, ''),
(299, {seller_id}, 'image/jpeg', 174467, '5.jpg', 'data/files/store_2/goods_82/201805071644427615.jpg', 1525653882, 2, 339, ''),
(300, {seller_id}, 'image/jpeg', 174467, '6.jpg', 'data/files/store_2/goods_82/201805071644425967.jpg', 1525653882, 2, 339, ''),
(301, {seller_id}, 'image/jpeg', 177929, '59f1a0a6Nad16dbdc.jpg', 'data/files/store_2/goods_89/201805071648091631.jpg', 1525654089, 2, 340, ''),
(302, {seller_id}, 'image/jpeg', 173599, '59f1a0a9Nf2ef9fcb.jpg', 'data/files/store_2/goods_89/201805071648092372.jpg', 1525654089, 2, 340, ''),
(303, {seller_id}, 'image/jpeg', 49447, '59f1a091N0415bf3c.jpg', 'data/files/store_2/goods_89/201805071648096496.jpg', 1525654089, 2, 340, ''),
(304, {seller_id}, 'image/jpeg', 171810, '59f68bc7Nfb1d48ff.jpg', 'data/files/store_2/goods_89/201805071648096196.jpg', 1525654089, 2, 340, ''),
(305, {seller_id}, 'image/jpeg', 91523, '2.jpg', 'data/files/store_2/goods_100/201805071648204598.jpg', 1525654100, 2, 340, ''),
(306, {seller_id}, 'image/jpeg', 63100, '3.jpg', 'data/files/store_2/goods_100/201805071648208351.jpg', 1525654100, 2, 340, ''),
(307, {seller_id}, 'image/jpeg', 221689, '1.jpg', 'data/files/store_2/goods_100/201805071648209881.jpg', 1525654100, 2, 340, ''),
(308, {seller_id}, 'image/jpeg', 23578, '4.jpg', 'data/files/store_2/goods_100/201805071648205760.jpg', 1525654100, 2, 340, ''),
(309, {seller_id}, 'image/jpeg', 200758, '5.jpg', 'data/files/store_2/goods_100/201805071648205255.jpg', 1525654100, 2, 340, ''),
(310, {seller_id}, 'image/jpeg', 201564, '6.jpg', 'data/files/store_2/goods_100/201805071648202213.jpg', 1525654100, 2, 340, ''),
(327, {seller_id}, 'image/jpeg', 129650, '5a4a1b9cNb1841764.jpg', 'data/files/store_2/goods_89/201805071701291302.jpg', 1525654889, 2, 342, ''),
(328, {seller_id}, 'image/jpeg', 156526, '5a4a1b89N026f5fb4.jpg', 'data/files/store_2/goods_89/201805071701297108.jpg', 1525654889, 2, 342, ''),
(329, {seller_id}, 'image/jpeg', 138600, '5a478256N01f91ef3.jpg', 'data/files/store_2/goods_89/201805071701294735.jpg', 1525654889, 2, 342, ''),
(330, {seller_id}, 'image/jpeg', 132104, '5a478256N77bcd1a9.jpg', 'data/files/store_2/goods_90/201805071701308177.jpg', 1525654890, 2, 342, ''),
(331, {seller_id}, 'image/jpeg', 218869, '5a478256N6d0a9d70.jpg', 'data/files/store_2/goods_90/201805071701305351.jpg', 1525654890, 2, 342, ''),
(332, {seller_id}, 'image/jpeg', 150913, '1.jpg', 'data/files/store_2/goods_109/201805071701497982.jpg', 1525654909, 2, 342, ''),
(333, {seller_id}, 'image/jpeg', 125203, '2.jpg', 'data/files/store_2/goods_109/201805071701495761.jpg', 1525654909, 2, 342, ''),
(334, {seller_id}, 'image/jpeg', 128412, '3.jpg', 'data/files/store_2/goods_109/201805071701496687.jpg', 1525654909, 2, 342, ''),
(335, {seller_id}, 'image/jpeg', 69408, '5.jpg', 'data/files/store_2/goods_109/201805071701491321.jpg', 1525654909, 2, 342, ''),
(336, {seller_id}, 'image/jpeg', 144926, '4.jpg', 'data/files/store_2/goods_109/201805071701496201.jpg', 1525654909, 2, 342, ''),
(337, {seller_id}, 'image/jpeg', 168845, '6.jpg', 'data/files/store_2/goods_109/201805071701499148.jpg', 1525654909, 2, 342, ''),
(338, {seller_id}, 'image/jpeg', 157667, '7.jpg', 'data/files/store_2/goods_109/201805071701497096.jpg', 1525654909, 2, 342, ''),
(339, {seller_id}, 'image/jpeg', 120911, '5acf4cdfN5b816252.jpg', 'data/files/store_2/goods_106/201805071711466537.jpg', 1525655506, 2, 343, ''),
(340, {seller_id}, 'image/jpeg', 118096, '5acf4ce0N48a51aad.jpg', 'data/files/store_2/goods_106/201805071711466305.jpg', 1525655506, 2, 343, ''),
(341, {seller_id}, 'image/jpeg', 114594, '5acf4ce0N970691cb.jpg', 'data/files/store_2/goods_106/201805071711469518.jpg', 1525655506, 2, 343, ''),
(342, {seller_id}, 'image/jpeg', 112051, '5acf4ce1Ncef99cb9.jpg', 'data/files/store_2/goods_106/201805071711466590.jpg', 1525655506, 2, 343, ''),
(343, {seller_id}, 'image/jpeg', 101383, '2.jpg', 'data/files/store_2/goods_117/201805071711578581.jpg', 1525655517, 2, 343, ''),
(344, {seller_id}, 'image/jpeg', 100984, '1.jpg', 'data/files/store_2/goods_117/201805071711572592.jpg', 1525655517, 2, 343, ''),
(345, {seller_id}, 'image/jpeg', 94036, '3.jpg', 'data/files/store_2/goods_117/201805071711574661.jpg', 1525655517, 2, 343, ''),
(346, {seller_id}, 'image/jpeg', 108418, '4.jpg', 'data/files/store_2/goods_118/201805071711583223.jpg', 1525655518, 2, 343, ''),
(347, {seller_id}, 'image/jpeg', 115979, '5a9d6746N13da66b8.jpg', 'data/files/store_2/goods_103/201805071715036866.jpg', 1525655703, 2, 344, ''),
(348, {seller_id}, 'image/jpeg', 135152, '5a9d6744N94a595a9.jpg', 'data/files/store_2/goods_103/201805071715035385.jpg', 1525655703, 2, 344, ''),
(349, {seller_id}, 'image/jpeg', 130270, '5a9d657dN2b8a0dd6.jpg', 'data/files/store_2/goods_103/201805071715039323.jpg', 1525655703, 2, 344, ''),
(350, {seller_id}, 'image/jpeg', 127479, '5a9d6748N6fd8bc12.jpg', 'data/files/store_2/goods_103/201805071715036566.jpg', 1525655703, 2, 344, ''),
(352, {seller_id}, 'image/png', 869936, '3.png', 'data/files/store_2/goods_137/201805071715373172.png', 1525655737, 2, 344, ''),
(353, {seller_id}, 'image/png', 846631, '2.png', 'data/files/store_2/goods_137/201805071715375815.png', 1525655737, 2, 344, ''),
(354, {seller_id}, 'image/png', 693871, '4.png', 'data/files/store_2/goods_137/201805071715373476.png', 1525655737, 2, 344, ''),
(355, {seller_id}, 'image/png', 1068228, '1.png', 'data/files/store_2/goods_137/201805071715374759.png', 1525655737, 2, 344, ''),
(356, {seller_id}, 'image/png', 918082, '5.png', 'data/files/store_2/goods_138/201805071715388132.png', 1525655738, 2, 344, ''),
(357, {seller_id}, 'image/png', 1184524, '6.png', 'data/files/store_2/goods_138/201805071715383070.png', 1525655738, 2, 344, ''),
(358, {seller_id}, 'image/png', 586071, '7.png', 'data/files/store_2/goods_139/201805071715398330.png', 1525655739, 2, 344, ''),
(359, {seller_id}, 'image/jpeg', 167334, '5aea2e1eN7632cdb5.jpg', 'data/files/store_2/goods_149/201805071719098996.jpg', 1525655949, 2, 345, ''),
(360, {seller_id}, 'image/jpeg', 112704, '5aea37deNe6ee1369.jpg', 'data/files/store_2/goods_149/201805071719093611.jpg', 1525655949, 2, 345, ''),
(361, {seller_id}, 'image/jpeg', 102906, '5aea37e2N9e8c65b9.jpg', 'data/files/store_2/goods_149/201805071719096204.jpg', 1525655949, 2, 345, ''),
(362, {seller_id}, 'image/jpeg', 87738, '5aea37e8N248f7b13.jpg', 'data/files/store_2/goods_149/201805071719091730.jpg', 1525655949, 2, 345, ''),
(363, {seller_id}, 'image/jpeg', 150478, '1.jpg', 'data/files/store_2/goods_158/201805071719187910.jpg', 1525655958, 2, 345, ''),
(364, {seller_id}, 'image/jpeg', 147258, '2.jpg', 'data/files/store_2/goods_158/201805071719188620.jpg', 1525655958, 2, 345, ''),
(365, {seller_id}, 'image/jpeg', 132197, '4.jpg', 'data/files/store_2/goods_158/201805071719186045.jpg', 1525655958, 2, 345, ''),
(366, {seller_id}, 'image/jpeg', 104033, '3.jpg', 'data/files/store_2/goods_158/201805071719183421.jpg', 1525655958, 2, 345, ''),
(367, {seller_id}, 'image/jpeg', 76628, '5.jpg', 'data/files/store_2/goods_158/201805071719188704.jpg', 1525655958, 2, 345, ''),
(368, {seller_id}, 'image/jpeg', 137707, '6.jpg', 'data/files/store_2/goods_159/201805071719197991.jpg', 1525655959, 2, 345, '');


--
-- 导出表中的数据 `swd_goods_integral`
--
delete from `swd_goods_integral`;

--
-- 导出表中的数据 `swd_goods_prop`
--
delete from `swd_goods_prop`;


--
-- 导出表中的数据 `swd_goods_prop_value`
--
delete from `swd_goods_prop_value`;

--
-- 导出表中的数据 `swd_goods_pvs`
--
delete from `swd_goods_pvs`;
--
-- 导出表中的数据 `swd_goods_statistics`
--
delete from `swd_goods_statistics`;
INSERT INTO `swd_goods_statistics` (`goods_id`, `views`, `collects`, `carts`, `orders`, `sales`, `comments`) VALUES
(343, 10, 0, 3, 3, 1, 1),
(342, 3, 0, 2, 1, 2, 1),
(340, 3, 0, 0, 0, 0, 0),
(339, 3, 0, 0, 0, 0, 0),
(338, 2, 0, 1, 1, 1, 1),
(336, 1, 0, 1, 1, 1, 1),
(335, 1, 0, 0, 0, 0, 0),
(334, 1, 0, 0, 0, 0, 0),
(344, 3, 0, 0, 0, 0, 0),
(345, 11, 0, 3, 3, 3, 3);

--
-- 导出表中的数据 `swd_appmarket`
--
delete from `swd_appmarket`;
INSERT INTO `swd_appmarket` (`aid`, `appid`, `title`, `summary`, `category`, `description`, `logo`, `config`, `sales`, `views`, `status`, `add_time`) VALUES 
('1', 'meal', '搭配套餐', '搭配套餐', '1', '', 'data/files/mall/appmarket/meal.jpg', 'a:2:{s:6:\"charge\";d:0;s:6:\"period\";a:4:{i:0;s:1:\"1\";i:1;s:1:\"3\";i:2;s:1:\"6\";i:3;s:2:\"12\";}}', '1', '1', '1', '0'),
('2', 'fullfree', '满包邮', '满包邮', '1', '', 'data/files/mall/appmarket/fullfree.jpg', 'a:2:{s:6:\"charge\";d:5;s:6:\"period\";a:4:{i:0;s:1:\"1\";i:1;s:1:\"3\";i:2;s:1:\"6\";i:3;s:2:\"12\";}}', '1', '1', '1', '0'),
('3', 'fullprefer', '满折满减', '满折满减', '1', '', 'data/files/mall/appmarket/fullprefer.png', 'a:2:{s:6:\"charge\";d:10;s:6:\"period\";a:4:{i:0;s:1:\"1\";i:1;s:1:\"3\";i:2;s:1:\"6\";i:3;s:2:\"12\";}}', '1', '1', '1', '0'),
('4', 'fullgift', '满一定条件增加商品', '满一定条件增加商品', '1', '', 'data/files/mall/appmarket/fullgift.png', 'a:2:{s:6:\"charge\";d:10;s:6:\"period\";a:4:{i:0;s:1:\"1\";i:1;s:1:\"3\";i:2;s:1:\"6\";i:3;s:2:\"12\";}}', '1', '1', '1', '0'),
('5', 'growbuy', '加价购', '加价购', '1', '', 'data/files/mall/appmarket/growbuy.jpg', 'a:2:{s:6:\"charge\";d:10;s:6:\"period\";a:4:{i:0;s:1:\"1\";i:1;s:1:\"3\";i:2;s:1:\"6\";i:3;s:2:\"12\";}}', '1', '1', '1', '0'),
('6', 'exclusive', '手机专享', '手机专享', '1', '', 'data/files/mall/appmarket/exclusive.jpg', 'a:2:{s:6:\"charge\";d:10;s:6:\"period\";a:4:{i:0;s:1:\"1\";i:1;s:1:\"3\";i:2;s:1:\"6\";i:3;s:2:\"12\";}}', '1', '1', '1', '0'),
('7', 'limitbuy', '限时打折', '限时打折', '1', '', 'data/files/mall/appmarket/limitbuy.jpg', 'a:2:{s:6:\"charge\";d:0;s:6:\"period\";a:4:{i:0;s:1:\"1\";i:1;s:1:\"2\";i:2;s:2:\"12\";i:3;s:2:\"36\";}}', '1', '2', '1', '0');

--
-- 导出表中的数据 `swd_apprenewal`
--
delete from `swd_apprenewal`;

--
-- 导出表中的数据 `swd_appbuylog`
--
delete from `swd_appbuylog`;

--
-- 导出表中的数据 `swd_deposit_account`
--
delete from `swd_deposit_account`;
INSERT INTO `swd_deposit_account` (`account_id`, `user_id`, `account`, `password`, `money`, `frozen`, `real_name`, `pay_status`, `add_time`, `last_update`) VALUES 
('1', {seller_id}, 'testBusiness@mimall.com', 'e10adc3949ba59abbe56e057f20f883e', '19384.00', '0.00', 'seller', 'ON', '1525627164', '1525627164'),
('2', {buyer_id}, 'testBuyer@mimall.com', 'e10adc3949ba59abbe56e057f20f883e', '76.00', '0.00', 'buyer', 'ON', '1525646802', '1525646802');

--
-- 导出表中的数据 `swd_deposit_setting`
--
delete from `swd_deposit_setting`;
INSERT INTO `swd_deposit_setting` (`setting_id`, `user_id`, `trade_rate`, `transfer_rate`, `auto_create_account`) VALUES ('1', '0', '0.000', '0.000', '1');

--
-- 导出表中的数据 `swd_limitbuy`
--
delete from `swd_limitbuy`;


--
-- 导出表中的数据 `swd_order`
--
delete from `swd_order`;
INSERT INTO `swd_order` (`order_id`, `order_sn`, `type`, `extension`, `seller_id`, `seller_name`, `buyer_id`, `buyer_name`, `buyer_email`, `status`, `add_time`, `payment_id`, `payment_name`, `payment_code`, `out_trade_sn`, `pay_time`, `pay_message`, `ship_time`, `invoice_no`, `finished_time`, `goods_amount`, `discount`, `order_amount`, `evaluation_status`, `evaluation_time`, `anonymous`, `postscript`, `pay_alter`, `express_company`, `checkout`, `checkout_time`, `adjust_amount`, `flag`, `memo`, `did`, `distribution_rate`) VALUES
(8, '18127561762', 'material', 'normal', {seller_id}, '茵曼旗舰店', {buyer_id}, 'buyer', 'testBuyer@mimall.com', 40, 1525712629, 18, '预存款', 'deposit', '', 1525712634, '', 1525712643, '14325423', 1525712650, '128.00', '0.00', '128.00', 1, 1525712652, 0, '', 1, '', 0, 0, '0.00', 0, '', 0, ''),
(9, '18127314202', 'material', 'normal', {seller_id}, '茵曼旗舰店', {buyer_id}, 'buyer', 'testBuyer@mimall.com', 40, 1525712660, 18, '预存款', 'deposit', '', 1525712665, '', 1525712717, '24213423', 1525712723, '158.00', '0.00', '258.00', 1, 1525712725, 0, '', 1, '', 0, 0, '0.00', 0, '', 0, ''),
(20, '18127833352', 'material', 'normal', {seller_id}, '茵曼旗舰店', {buyer_id}, 'buyer', 'testBuyer@mimall.com', 40, 1525713547, 18, '预存款', 'deposit', '', 1525713552, '', 1525713580, '125454354', 1525713607, '758.00', '0.00', '858.00', 1, 1525713609, 0, '', 1, '', 0, 0, '0.00', 0, '', 0, ''),
(22, '18127605522', 'material', 'normal', {seller_id}, '茵曼旗舰店', {buyer_id}, 'buyer', 'testBuyer@mimall.com', 11, 1525714926, NULL, NULL, '', '', NULL, '', NULL, NULL, 0, '128.00', '0.00', '228.00', 0, 0, 0, '', 0, '', 0, 0, '0.00', 0, '', 0, ''),
(23, '18170928432', 'material', 'normal', {seller_id}, '茵曼旗舰店', {buyer_id}, 'buyer', 'testBuyer@mimall.com', 11, 1529430386, NULL, NULL, '', '', NULL, '', NULL, NULL, 0, '108.00', '0.00', '208.00', 0, 0, 0, '', 0, '', 0, 0, '0.00', 0, '', 0, '');

--
-- 导出表中的数据 `swd_order_extm`
--
delete from `swd_order_extm`;
INSERT INTO `swd_order_extm` (`order_id`, `consignee`, `region_id`, `region_name`, `address`, `zipcode`, `phone_tel`, `phone_mob`, `shipping_id`, `shipping_name`, `shipping_fee`) VALUES
(8, '李小璐', 343, '中国	广西壮族自治区	南宁市', '青秀区幸福里A栋2908', '530000', '0771-88886666', '13366669999', 0, '平邮', '0.00'),
(9, '李小璐', 343, '中国	广西壮族自治区	南宁市', '青秀区幸福里A栋2908', '530000', '0771-88886666', '13366669999', 0, '快递', '100.00'),
(20, '李小璐', 343, '中国	广西壮族自治区	南宁市', '青秀区幸福里A栋2908', '530000', '0771-88886666', '13366669999', 0, '快递', '100.00'),
(22, '李小璐', 343, '中国	广西壮族自治区	南宁市', '青秀区幸福里A栋2908', '530000', '0771-88886666', '13366669999', 0, '快递', '100.00'),
(23, '坂本泉水', 343, '中国	广西壮族自治区	  南宁市', '青秀区万象城B座1915号', '200088', '0771-88886666', '13366669999', 0, '快递', '100.00');
--
-- 导出表中的数据 `swd_order_goods`
--
delete from `swd_order_goods`;
INSERT INTO `swd_order_goods` (`rec_id`, `order_id`, `goods_id`, `goods_name`, `spec_id`, `specification`, `price`, `quantity`, `goods_image`, `evaluation`, `comment`, `credit_value`, `is_valid`, `reply_content`, `reply_time`, `shipped_evaluation`, `service_evaluation`, `goods_evaluation`, `tips`, `share_images`, `status`) VALUES
(8, 8, 343, 'HMDIME 2018夏季新款女装 短款外套女韩版棒球服休闲夹克防晒衣女夏 520F6538 橘色 165/90A(L)', 456, '', '128.00', 1, 'data/files/store_2/goods_106/small_201805071711466537.jpg', 3, '', 1, 1, '', 0, '5.00', '5.00', '5.00', '', '', 'SUCCESS'),
(9, 9, 345, '米菲朵 防晒衣女中长款2018夏季新款女装韩版宽松印花学生bf连帽薄外套女潮 白色中长款 M', 458, '', '158.00', 1, 'data/files/store_2/goods_149/small_201805071719098996.jpg', 3, '', 1, 1, '', 0, '5.00', '5.00', '5.00', '', '', 'SUCCESS'),
(30, 20, 338, '吉禾伊嘉呢子双面呢大衣2017新款双面绒羊绒羊毛呢大衣女中长款毛呢外套 驼色预售 L', 451, '', '758.00', 1, 'data/files/store_2/goods_122/small_201805071642024040.jpg', 3, '非常合身。款式时尚，很显身材。', 1, 1, '', 0, '5.00', '5.00', '5.00', '', 'a:7:{i:0;s:50:"data/files/mall/evaluations/201805281502482199.jpg";i:1;s:50:"data/files/mall/evaluations/201805281502504554.jpg";i:2;s:50:"data/files/mall/evaluations/201805281502527934.jpg";i:3;s:50:"data/files/mall/evaluations/201805281502542549.jpg";i:4;s:50:"data/files/mall/evaluations/201805281502598274.jpg";i:5;s:50:"data/files/mall/evaluations/201805281503044230.jpg";i:6;s:50:"data/files/mall/evaluations/201805281503062361.jpg";}', 'SUCCESS'),
(33, 22, 343, 'HMDIME 2018夏季新款女装 短款外套女韩版棒球服休闲夹克防晒衣女夏 520F6538 橘色 165/90A(L)', 456, '', '128.00', 1, 'data/files/store_2/goods_106/small_201805071711466537.jpg', 3, '', 1, 1, '', 0, '5.00', '5.00', '5.00', '', 'a:2:{i:0;s:50:"data/files/mall/evaluations/201805281537006786.jpg";i:1;s:50:"data/files/mall/evaluations/201805281537504131.jpg";}', 'SUCCESS'),
(34, 23, 338, '吉禾伊嘉呢子双面呢大衣2017新款双面绒羊绒羊毛呢大衣女中长款毛呢外套 驼色预售 L', 451, '', '758.00', 1, 'data/files/store_2/goods_122/small_201805071642024040.jpg', 0, '', 0, 1, '', 0, '5.00', '5.00', '5.00', '', '', ''),
(61, 23, 343, 'HMDIME 2018夏季新款女装 短款外套女韩版棒球服休闲夹克防晒衣女夏 520F6538 橘色 165/90A(L)', 456, '', '108.00', 1, 'data/files/store_2/goods_106/small_201805071711466537.jpg', 0, '', 0, 1, '', 0, '5.00', '5.00', '5.00', '', '', '');

--
-- 导出表中的数据 `swd_order_log`
--
delete from `swd_order_log`;
INSERT INTO `swd_order_log` (`log_id`, `order_id`, `operator`, `order_status`, `changed_status`, `remark`, `log_time`) VALUES
(13, 8, 'seller', '买家已付款', '卖家已发货', '', 1525712643),
(14, 8, 'buyer', '卖家已发货', '交易完成', '买家确认收货', 1525712650),
(15, 9, 'seller', '买家已付款', '卖家已发货', '2', 1525712717),
(16, 9, 'buyer', '卖家已发货', '交易完成', '买家确认收货', 1525712723),
(33, 20, 'seller', '买家已付款', '卖家已发货', '', 1525713580),
(37, 20, 'buyer', '卖家已发货', '交易完成', '买家确认收货', 1525713607);


--
-- 导出表中的数据 `swd_partner`
--
delete from `swd_partner`;
INSERT INTO `swd_partner` (`partner_id`, `store_id`, `title`, `link`, `logo`, `sort_order`, `if_show`) VALUES 
('2', '2', 'MiMall', '#', 'data/files/mall/partner/4.png', '1', '0'),
('3', '0', 'MiMall', '#', 'data/files/mall/partner/4.png', '1', '0'),
('5', '0', '支付宝', 'http://www.alipay.com', 'data/files/mall/partner/5.gif', '2', '0'),
('6', '0', '财付通', 'http://www.tenpay.com', 'data/files/mall/partner/6.PNG', '3', '0');

--
-- 导出表中的数据 `swd_payment`
--
delete from `swd_payment`;
INSERT INTO `swd_payment` (`payment_id`, `store_id`, `payment_code`, `payment_name`, `payment_desc`, `config`, `is_online`, `enabled`, `sort_order`, `cod_regions`) VALUES 
('1','0','alipay','支付宝','','a:5:{s:14:\"alipay_account\";s:0:\"\";s:10:\"alipay_key\";s:0:\"\";s:14:\"alipay_partner\";s:0:\"\";s:14:\"alipay_service\";s:25:\"create_direct_pay_by_user\";s:5:\"pcode\";s:0:\"\";}','1','1','0',''),
('2','0','tenpay_wap','财付通（WAP）','','a:3:{s:7:\"partner\";s:0:\"\";s:3:\"key\";s:0:\"\";s:5:\"pcode\";s:0:\"\";}','1','1','0',''),
('3','0','alipay_mobile','支付宝（WAP）','','a:5:{s:14:\"alipay_account\";s:0:\"\";s:10:\"alipay_key\";s:0:\"\";s:14:\"alipay_partner\";s:0:\"\";s:14:\"alipay_service\";s:25:\"create_direct_pay_by_user\";s:5:\"pcode\";s:1:\"1\";}','1','1','11',''),
('4','0','deposit','预存款','余额支付，方便','a:1:{s:5:\"pcode\";s:0:\"\";}','1','1','0',''),
('5','0','unionpay','中国银联','','a:2:{s:5:\"merId\";s:0:\"\";s:5:\"pcode\";s:0:\"\";}','1','1','0',''),
('6','0','wxpay','微信JSAPI支付','','a:5:{s:5:\"AppID\";s:0:\"\";s:9:\"AppSecret\";s:0:\"\";s:5:\"MchID\";s:0:\"\";s:3:\"KEY\";s:0:\"\";s:5:\"pcode\";s:0:\"\";}','1','1','0',''),
('7','0','tenpay','财付通','','a:3:{s:7:\"partner\";s:0:\"\";s:3:\"key\";s:0:\"\";s:5:\"pcode\";s:0:\"\";}','1','1','0',''),
('8','0','wxnativepay','微信扫码支付','','a:5:{s:5:\"AppID\";s:0:\"\";s:9:\"AppSecret\";s:0:\"\";s:5:\"MchID\";s:0:\"\";s:3:\"KEY\";s:0:\"\";s:5:\"pcode\";s:0:\"\";}','1','1','0','');

--
-- 导出表中的数据 `swd_recommend`
--
delete from `swd_recommend`;
INSERT INTO `swd_recommend` (`recom_id`, `recom_name`, `store_id`) VALUES 
('1', '大家电', '0'),
('2', '促销衣服', '0');

--
-- 导出表中的数据 `swd_recommended_goods`
--
delete from `swd_recommended_goods`;

--
-- 导出表中的数据 `swd_region`
--
delete from `swd_region`;
INSERT INTO `swd_region` (`region_id`, `region_name`, `parent_id`, `sort_order`) VALUES
(2, '中国', 0, 255),
(3, '北京市', 2, 255),
(4, '东城', 3, 255),
(5, '西城', 3, 255),
(6, '崇文', 3, 255),
(7, '宣武', 3, 255),
(8, '朝阳', 3, 255),
(9, '海淀', 3, 255),
(10, '丰台', 3, 255),
(11, '石景山', 3, 255),
(12, '门头沟', 3, 255),
(13, '房山', 3, 255),
(14, '通州', 3, 255),
(15, '顺义', 3, 255),
(16, '大兴', 3, 255),
(17, '昌平', 3, 255),
(18, '平谷', 3, 255),
(19, '怀柔', 3, 255),
(20, '延庆', 3, 255),
(21, '密云', 3, 255),
(22, '天津市', 2, 255),
(23, '和平区', 22, 255),
(24, '河东区', 22, 255),
(25, '河西区', 22, 255),
(26, '南开区', 22, 255),
(27, '河北区', 22, 255),
(28, '红桥区', 22, 255),
(29, '塘沽区', 22, 255),
(30, '汉沽区', 22, 255),
(31, '大港区', 22, 255),
(32, '西青区', 22, 255),
(33, '东丽区', 22, 255),
(34, '津南区', 22, 255),
(35, '北辰区', 22, 255),
(36, '武清区', 22, 255),
(37, '宝坻区', 22, 255),
(38, '静海县', 22, 255),
(39, '宁河县', 22, 255),
(40, '蓟县', 22, 255),
(41, '上海市', 2, 255),
(42, '浦东新区', 41, 255),
(43, '徐汇区', 41, 255),
(44, '长宁区', 41, 255),
(45, '普陀区', 41, 255),
(46, '闸北区', 41, 255),
(47, '虹口区', 41, 255),
(48, '杨浦区', 41, 255),
(49, '黄浦区', 41, 255),
(50, '卢湾区', 41, 255),
(51, '静安区', 41, 255),
(52, '宝山区', 41, 255),
(53, '闵行区', 41, 255),
(54, '嘉定区', 41, 255),
(55, '金山区', 41, 255),
(56, '松江区', 41, 255),
(57, '青浦区', 41, 255),
(58, '崇明县', 41, 255),
(59, '奉贤区', 41, 255),
(60, '南汇区', 41, 255),
(61, '重庆市', 2, 255),
(62, '渝中', 61, 255),
(63, '大渡口', 61, 255),
(64, '江北', 61, 255),
(65, '沙坪坝', 61, 255),
(66, '九龙坡', 61, 255),
(67, '南岸', 61, 255),
(68, '北碚', 61, 255),
(69, '渝北', 61, 255),
(70, '巴南', 61, 255),
(71, '北部新区', 61, 255),
(72, '经开区', 61, 255),
(73, '万盛', 61, 255),
(74, '双桥', 61, 255),
(75, '綦江', 61, 255),
(76, '潼南', 61, 255),
(77, '铜梁', 61, 255),
(78, '大足', 61, 255),
(79, '荣昌', 61, 255),
(80, '璧山', 61, 255),
(81, '江津', 61, 255),
(82, '合川', 61, 255),
(83, '永川', 61, 255),
(84, '南川', 61, 255),
(85, '万州', 61, 255),
(86, '涪陵', 61, 255),
(87, '黔江', 61, 255),
(88, '长寿', 61, 255),
(89, '梁平', 61, 255),
(90, '城口', 61, 255),
(91, '丰都', 61, 255),
(92, '垫江', 61, 255),
(93, '武隆', 61, 255),
(94, '忠县', 61, 255),
(95, '开县', 61, 255),
(96, '云阳', 61, 255),
(97, '奉节', 61, 255),
(98, '巫山', 61, 255),
(99, '巫溪', 61, 255),
(100, '石柱', 61, 255),
(101, '秀山', 61, 255),
(102, '酉阳', 61, 255),
(103, '彭水', 61, 255),
(104, '河北省', 2, 255),
(105, '石家庄', 104, 255),
(106, '衡水', 104, 255),
(107, '唐山', 104, 255),
(108, '秦皇岛', 104, 255),
(109, '张家口', 104, 255),
(110, '承德', 104, 255),
(111, '邯郸', 104, 255),
(112, '沧州', 104, 255),
(113, '邢台', 104, 255),
(114, '保定', 104, 255),
(115, '廊坊', 104, 255),
(116, '山西省', 2, 255),
(117, '太原市', 116, 255),
(118, '大同市', 116, 255),
(119, '朔州市', 116, 255),
(120, '忻州市', 116, 255),
(121, '长治市', 116, 255),
(122, '阳泉市', 116, 255),
(123, '晋中市', 116, 255),
(124, '吕梁市', 116, 255),
(125, '晋城市', 116, 255),
(126, '临汾市', 116, 255),
(127, '运城市', 116, 255),
(128, '辽宁省', 2, 255),
(129, '沈阳', 128, 255),
(130, '大连', 128, 255),
(131, '鞍山', 128, 255),
(132, '抚顺', 128, 255),
(133, '本溪', 128, 255),
(134, '丹东', 128, 255),
(135, '锦州', 128, 255),
(136, '营口', 128, 255),
(137, '阜新', 128, 255),
(138, '辽阳', 128, 255),
(139, '铁岭', 128, 255),
(140, '朝阳', 128, 255),
(141, '盘锦', 128, 255),
(142, '葫芦岛', 128, 255),
(143, '吉林省', 2, 255),
(144, '长春市', 143, 255),
(145, '吉林市', 143, 255),
(146, '四平市', 143, 255),
(147, '辽源市', 143, 255),
(148, '通化市', 143, 255),
(149, '白山市', 143, 255),
(150, '松原市', 143, 255),
(151, '白城市', 143, 255),
(152, '延边州', 143, 255),
(153, '黑龙江省', 2, 255),
(154, '哈尔滨', 153, 255),
(155, '齐齐哈尔', 153, 255),
(156, '牡丹江', 153, 255),
(157, '佳木斯', 153, 255),
(158, '大庆', 153, 255),
(159, '鸡西', 153, 255),
(160, '伊春', 153, 255),
(161, '双鸭山', 153, 255),
(162, '七台河', 153, 255),
(163, '鹤岗', 153, 255),
(164, '黑河', 153, 255),
(165, '绥化', 153, 255),
(166, '大兴安岭', 153, 255),
(167, '内蒙古自治区', 2, 255),
(168, '呼和浩特市', 167, 255),
(169, '包头市', 167, 255),
(170, '乌海市', 167, 255),
(171, '赤峰市', 167, 255),
(172, '通辽市', 167, 255),
(173, '鄂尔多斯市', 167, 255),
(174, '呼伦贝尔市', 167, 255),
(175, '巴彦淖尔市', 167, 255),
(176, '乌兰察布市', 167, 255),
(177, '锡林郭勒盟', 167, 255),
(178, '兴安盟', 167, 255),
(179, '阿拉善盟', 167, 255),
(180, '江苏省', 2, 255),
(181, '南京', 180, 255),
(182, '苏州', 180, 255),
(183, '无锡', 180, 255),
(184, '常州', 180, 255),
(185, '扬州', 180, 255),
(186, '南通', 180, 255),
(187, '镇江', 180, 255),
(188, '泰州', 180, 255),
(189, '淮安', 180, 255),
(190, '徐州', 180, 255),
(191, '盐城', 180, 255),
(192, '宿迁', 180, 255),
(193, '连云港', 180, 255),
(194, '浙江省', 2, 255),
(195, '杭州', 194, 255),
(196, '宁波', 194, 255),
(197, '温州', 194, 255),
(198, '嘉兴', 194, 255),
(199, '湖州', 194, 255),
(200, '绍兴', 194, 255),
(201, '金华', 194, 255),
(202, '衢州', 194, 255),
(203, '舟山', 194, 255),
(204, '台州', 194, 255),
(205, '丽水', 194, 255),
(206, '安徽省', 2, 255),
(207, '淮北市', 206, 255),
(208, '合肥市', 206, 255),
(209, '六安市', 206, 255),
(210, '亳州市', 206, 255),
(211, '宿州市', 206, 255),
(212, '阜阳市', 206, 255),
(213, '蚌埠市', 206, 255),
(214, '淮南市', 206, 255),
(215, '滁州市', 206, 255),
(216, '巢湖市', 206, 255),
(217, '芜湖市', 206, 255),
(218, '马鞍山', 206, 255),
(219, '安庆市', 206, 255),
(220, '池州市', 206, 255),
(221, '铜陵市', 206, 255),
(222, '宣城市', 206, 255),
(223, '黄山市', 206, 255),
(224, '福建省', 2, 255),
(225, '福州市', 224, 255),
(226, '厦门市', 224, 255),
(227, '莆田市', 224, 255),
(228, '三明市', 224, 255),
(229, '泉州市', 224, 255),
(230, '漳州市', 224, 255),
(231, '南平市', 224, 255),
(232, '龙岩市', 224, 255),
(233, '宁德市', 224, 255),
(234, '江西省', 2, 255),
(235, '南昌市', 234, 255),
(236, '景德镇市', 234, 255),
(237, '萍乡市', 234, 255),
(238, '九江市', 234, 255),
(239, '新余市', 234, 255),
(240, '鹰潭市', 234, 255),
(241, '赣州市', 234, 255),
(242, '吉安市', 234, 255),
(243, '宜春市', 234, 255),
(244, '抚州市', 234, 255),
(245, '上饶市', 234, 255),
(246, '山东省', 2, 255),
(247, '济南', 246, 255),
(248, '青岛', 246, 255),
(249, '淄博', 246, 255),
(250, '泰安', 246, 255),
(251, '济宁', 246, 255),
(252, '德州', 246, 255),
(253, '日照', 246, 255),
(254, '潍坊', 246, 255),
(255, '枣庄', 246, 255),
(256, '临沂', 246, 255),
(257, '莱芜', 246, 255),
(258, '滨州', 246, 255),
(259, '聊城', 246, 255),
(260, '菏泽', 246, 255),
(261, '烟台', 246, 255),
(262, '威海', 246, 255),
(263, '东营', 246, 255),
(264, '河南省', 2, 255),
(265, '郑州市', 264, 255),
(266, '洛阳市', 264, 255),
(267, '开封市', 264, 255),
(268, '平顶山市', 264, 255),
(269, '南阳市', 264, 255),
(270, '焦作市', 264, 255),
(271, '信阳市', 264, 255),
(272, '济源市', 264, 255),
(273, '周口市', 264, 255),
(274, '安阳市', 264, 255),
(275, '驻马店市', 264, 255),
(276, '新乡市', 264, 255),
(277, '鹤壁市', 264, 255),
(278, '商丘市', 264, 255),
(279, '漯河市', 264, 255),
(280, '许昌市', 264, 255),
(281, '三门峡市', 264, 255),
(282, '濮阳市', 264, 255),
(283, '湖北省', 2, 255),
(284, '武汉', 283, 255),
(285, '宜昌', 283, 255),
(286, '荆州', 283, 255),
(287, '十堰', 283, 255),
(288, '襄樊', 283, 255),
(289, '黄石', 283, 255),
(290, '黄冈', 283, 255),
(291, '恩施', 283, 255),
(292, '荆门', 283, 255),
(293, '咸宁', 283, 255),
(294, '孝感', 283, 255),
(295, '鄂州', 283, 255),
(296, '天门', 283, 255),
(297, '仙桃', 283, 255),
(298, '随州', 283, 255),
(299, '潜江', 283, 255),
(300, '神农架', 283, 255),
(301, '湖南省', 2, 255),
(302, '长沙市', 301, 255),
(303, '株洲市', 301, 255),
(304, '湘潭市', 301, 255),
(305, '邵阳市', 301, 255),
(306, '吉首市', 301, 255),
(307, '岳阳市', 301, 255),
(308, '娄底市', 301, 255),
(309, '怀化市', 301, 255),
(310, '永州市', 301, 255),
(311, '郴州市', 301, 255),
(312, '常德市', 301, 255),
(313, '衡阳市', 301, 255),
(314, '益阳市', 301, 255),
(315, '张家界', 301, 255),
(316, '湘西州', 301, 255),
(317, '广东省', 2, 255),
(318, '广州', 317, 255),
(319, '深圳', 317, 255),
(320, '珠海', 317, 255),
(321, '汕头', 317, 255),
(322, '佛山', 317, 255),
(323, '东莞', 317, 255),
(324, '中山', 317, 255),
(325, '江门', 317, 255),
(326, '惠州', 317, 255),
(327, '肇庆', 317, 255),
(328, '阳江', 317, 255),
(329, '韶关', 317, 255),
(330, '河源', 317, 255),
(331, '梅州', 317, 255),
(332, '清远', 317, 255),
(333, '云浮', 317, 255),
(334, '茂名', 317, 255),
(335, '汕尾', 317, 255),
(336, '揭阳', 317, 255),
(337, '潮州', 317, 255),
(338, '湛江', 317, 255),
(339, '海南省', 2, 255),
(340, '海口市', 339, 255),
(341, '三亚市', 339, 255),
(342, '广西壮族自治区', 2, 255),
(343, '南宁', 342, 255),
(344, '柳州', 342, 255),
(345, '桂林', 342, 255),
(346, '梧州', 342, 255),
(347, '北海', 342, 255),
(348, '防城港', 342, 255),
(349, '钦州', 342, 255),
(350, '贵港', 342, 255),
(351, '玉林', 342, 255),
(352, '百色', 342, 255),
(353, '贺州', 342, 255),
(354, '河池', 342, 255),
(355, '来宾', 342, 255),
(356, '崇左', 342, 255),
(357, '四川省', 2, 255),
(358, '成都', 357, 255),
(359, '自贡', 357, 255),
(360, '攀枝花', 357, 255),
(361, '泸州', 357, 255),
(362, '德阳', 357, 255),
(363, '绵阳', 357, 255),
(364, '广元', 357, 255),
(365, '遂宁', 357, 255),
(366, '内江', 357, 255),
(367, '资阳', 357, 255),
(368, '乐山', 357, 255),
(369, '眉山', 357, 255),
(370, '南充', 357, 255),
(371, '宜宾', 357, 255),
(372, '广安', 357, 255),
(373, '达州', 357, 255),
(374, '巴中', 357, 255),
(375, '雅安', 357, 255),
(376, '阿坝', 357, 255),
(377, '甘孜', 357, 255),
(378, '凉山', 357, 255),
(379, '贵州省', 2, 255),
(380, '贵阳市', 379, 255),
(381, '遵义市', 379, 255),
(382, '安顺市', 379, 255),
(383, '六盘水市', 379, 255),
(384, '毕节地区', 379, 255),
(385, '铜仁地区', 379, 255),
(386, '黔东南州', 379, 255),
(387, '黔南州', 379, 255),
(388, '黔西南州', 379, 255),
(389, '云南省', 2, 255),
(390, '昆明市', 389, 255),
(391, '曲靖市', 389, 255),
(392, '红河哈尼族彝族自治州', 389, 255),
(393, '昭通市', 389, 255),
(394, '玉溪市', 389, 255),
(395, '德宏傣族景颇族自治州', 389, 255),
(396, '丽江市', 389, 255),
(397, '迪庆藏族自治州', 389, 255),
(398, '文山壮族苗族自治州', 389, 255),
(399, '思茅市', 389, 255),
(400, '大理白族自治州', 389, 255),
(401, '怒江傈僳族自治州', 389, 255),
(402, '保山市', 389, 255),
(403, '楚雄彝族自治州', 389, 255),
(404, '西双版纳傣族自治州', 389, 255),
(405, '临沧市', 389, 255),
(406, '西藏自治区', 2, 255),
(407, '拉萨', 406, 255),
(408, '日喀则', 406, 255),
(409, '林芝', 406, 255),
(410, '山南', 406, 255),
(411, '那曲', 406, 255),
(412, '昌都', 406, 255),
(413, '阿里', 406, 255),
(414, '陕西省', 2, 255),
(415, '西安市', 414, 255),
(416, '铜川市', 414, 255),
(417, '宝鸡市', 414, 255),
(418, '咸阳市', 414, 255),
(419, '渭南市', 414, 255),
(420, '延安市', 414, 255),
(421, '汉中市', 414, 255),
(422, '榆林市', 414, 255),
(423, '安康市', 414, 255),
(424, '商洛市', 414, 255),
(425, '甘肃省', 2, 255),
(426, '兰州市', 425, 255),
(427, '嘉峪关', 425, 255),
(428, '金昌市', 425, 255),
(429, '白银市', 425, 255),
(430, '天水市', 425, 255),
(431, '酒泉市', 425, 255),
(432, '张掖市', 425, 255),
(433, '武威市', 425, 255),
(434, '定西市', 425, 255),
(435, '陇南市', 425, 255),
(436, '平凉市', 425, 255),
(437, '庆阳市', 425, 255),
(438, '临夏州', 425, 255),
(439, '甘南州', 425, 255),
(440, '青海省', 2, 255),
(441, '西宁市', 440, 255),
(442, '海东行署', 440, 255),
(443, '海北藏族自治州', 440, 255),
(444, '海南藏族自治州', 440, 255),
(445, '海西州', 440, 255),
(446, '黄南藏族自治州', 440, 255),
(447, '玉树藏族自治州', 440, 255),
(448, '果洛藏族自治州', 440, 255),
(449, '宁夏回族自治区', 2, 255),
(450, '银川市', 449, 255),
(451, '石嘴山市', 449, 255),
(452, '吴忠市', 449, 255),
(453, '固原市', 449, 255),
(454, '中卫市', 449, 255),
(455, '新疆维吾尔自治区', 2, 255),
(456, '伊犁哈萨克自治州', 455, 255),
(457, '乌鲁木齐市', 455, 255),
(458, '昌吉回族自治州', 455, 255),
(459, '石河子市', 455, 255),
(460, '克拉玛依市', 455, 255),
(461, '阿勒泰地区', 455, 255),
(462, '博尔塔拉蒙古自治州', 455, 255),
(463, '塔城地区', 455, 255),
(464, '和田地区', 455, 255),
(465, '克孜勒苏克尔克孜自治州', 455, 255),
(466, '喀什地区', 455, 255),
(467, '阿克苏地区', 455, 255),
(468, '巴音郭楞蒙古自治州', 455, 255),
(469, '吐鲁番地区', 455, 255),
(470, '哈密地区', 455, 255),
(471, '五家渠市', 455, 255),
(472, '阿拉尔市', 455, 255),
(473, '图木舒克市', 455, 255),
(474, '香港特别行政区', 2, 255),
(475, '澳门特别行政区', 2, 255),
(476, '台湾省', 2, 255);

--
-- 导出表中的数据 `swd_scategory`
--
delete from `swd_scategory`;
INSERT INTO `swd_scategory` (`cate_id`, `cate_name`, `parent_id`, `sort_order`) VALUES
('1', '服饰', '0', '255'),
('2', '女装/女士精品', '1', '255'),
('3', '男装', '1', '255'),
('4', '女鞋', '1', '255'),
('6', '运动鞋', '1', '255'),
('7', '女士内衣/男士内衣/家居服', '1', '255'),
('8', '箱包皮具/热销女包/男包', '1', '255'),
('9', '运动服/运动包/颈环配件', '1', '255'),
('10', '服饰配件/皮带/帽子/围巾', '1', '255'),
('11', '手机/数码/办公/家电', '0', '255'),
('12', '手机', '11', '255'),
('13', '国货精品手机', '11', '255'),
('14', '笔记本电脑', '11', '255'),
('15', '电脑硬件/台式整机/网络设备', '11', '255'),
('16', 'MP3/MP4/iPod/录音笔', '11', '255'),
('17', '数码相机/摄像机/图形冲印', '11', '255'),
('18', '3C数码配件市场', '11', '255'),
('19', '网络服务/电脑软件', '11', '255'),
('20', '闪存卡/U盘/移动存储', '11', '255'),
('21', '电玩/配件/游戏/攻略', '11', '255'),
('22', '办公设备/文具/耗材', '11', '255'),
('23', '影音电器', '11', '255'),
('24', '美容护肤/个人护理', '0', '255'),
('25', '美容护肤/美体/精油', '24', '255'),
('26', '彩妆/香水/美发/工具', '24', '255'),
('27', '个人护理/保健/按摩器材', '24', '255'),
('28', '家居/母婴/食品', '0', '255'),
('29', '居家日用/厨房餐饮/卫浴洗浴', '28', '255'),
('30', '时尚家饰/工艺品/十字绣', '28', '255'),
('31', '家具/家具定制/宜家代购', '28', '255'),
('32', '家纺/床品/地毯/布艺', '28', '255'),
('33', '装潢/灯具/五金/安防/卫浴', '28', '255'),
('34', '保健食品', '28', '255'),
('35', '食品/茶叶/零食/特产', '28', '255'),
('36', '奶粉/尿片/母婴用品', '28', '255'),
('37', '益智玩具/童车/童床/书包', '28', '255'),
('38', '童装/童鞋/孕妇装', '28', '255'),
('39', '宠物/宠物食品及用品', '28', '255'),
('40', '厨房电器', '28', '255'),
('41', '生活电器', '28', '255'),
('42', '文体/汽车', '0', '255'),
('43', '书籍/杂志/报纸', '42', '255'),
('44', '音乐/影视/明星/乐器', '42', '255'),
('45', '运动/瑜伽/健身/球迷用品', '42', '255'),
('46', '户外/登山/野营/涉水', '42', '255'),
('47', '汽车/配件/改装/摩托/自行车', '42', '255'),
('48', '珠宝/首饰', '0', '255'),
('49', '饰品/流行首饰/时尚饰品', '48', '255'),
('50', '珠宝/钻石/翡翠/黄金', '48', '255'),
('51', '品牌手表/流行手表', '48', '255'),
('52', '收藏/爱好', '0', '255'),
('53', '古董/邮币/字画/收藏', '52', '255'),
('54', '玩具/模型/娃娃/人偶', '52', '255'),
('55', 'ZIPPO/瑞士军刀/眼镜', '52', '255'),
('56', '游戏/话费', '0', '255'),
('57', '腾讯QQ专区', '56', '255'),
('58', '网游装备/游戏币/帐号/代练', '56', '255'),
('59', '网络游戏点卡', '56', '255'),
('60', '移动/联通/小灵通充值中心', '56', '255'),
('61', 'IP卡/网络电话/手机号码', '56', '255'),
('62', '生活服务', '0', '255'),
('63', '成人用品/避孕用品/情趣内衣', '62', '255'),
('64', '网店装修/物流快递/图片存储', '62', '255'),
('65', '鲜花速递/蛋糕配送/园艺花艺', '62', '255'),
('66', '演出/旅游/吃喝玩乐折扣券', '62', '255');

--
-- 导出表中的数据 `swd_sgrade`
--
delete from `swd_sgrade`;
INSERT INTO `swd_sgrade` (`grade_id`, `grade_name`, `goods_limit`, `space_limit`, `skin_limit`, `charge`, `need_confirm`, `description`, `functions`, `skins`, `wap_skins`, `wap_skin_limit`, `sort_order`) VALUES
(1, '普通店铺', 500, 2000, 1, '1', 100, '0', '测试用户请选择“默认等级”，可以立即开通。', 'default|default', 'default|default', 0, 255),
(2, '旗舰店', 300, 10000, 1, '1', 200, '1', '申请时需要上传身份证和营业执照复印件', 'default|default', 'default|default', 0, 255);

--
-- 导出表中的数据 `swd_delivery_template`
--
delete from `swd_delivery_template`;
INSERT INTO `swd_delivery_template` (`template_id`, `name`, `store_id`, `template_types`, `template_dests`, `template_start_standards`, `template_start_fees`, `template_add_standards`, `template_add_fees`, `created`)  VALUES  ('1','家纺类',{seller_id},'express;ems;post','1,128|167|406|455;1,41;1','1,1;1,1;1','100,20.01;200,60;0','1,1;1,1;1','10,0.2;20,9;0','1407137367'),
('2','默认运费模板',{seller_id},'express;ems;post','1;1;1','1;1;1','15;22;10','1;1;1','8;10;5','1465326515');


--
-- 导出表中的数据 `swd_bank`
--
delete from `swd_bank`;


--
-- 导出表中的数据 `swd_coupon`
--
delete from `swd_coupon`;

--
-- 导出表中的数据 `swd_coupon_sn`
--
delete from `swd_coupon_sn`;

--
-- 导出表中的数据 `swd_deposit_recharge`
--
delete from `swd_deposit_recharge`;

--
-- 导出表中的数据 `swd_deposit_record`
--
delete from `swd_deposit_record`;


--
-- 导出表中的数据 `swd_deposit_setting`
--
delete from `swd_deposit_setting`;


--
-- 导出表中的数据 `swd_deposit_trade`
--
delete from `swd_deposit_trade`;

--
-- 导出表中的数据 `swd_deposit_withdraw`
--
delete from `swd_deposit_withdraw`;


--
-- 导出表中的数据 `swd_distribution`
--
delete from `swd_distribution`;

--
-- 导出表中的数据 `swd_distribution_statistics`
--
delete from `swd_distribution_statistics`;

--
-- 导出表中的数据 `swd_gift`
--
delete from `swd_gift`;


--
-- 导出表中的数据 `swd_goods_qa`
--
delete from `swd_goods_qa`;


--
-- 导出表中的数据 `swd_integral`
--
delete from `swd_integral`;


--
-- 导出表中的数据 `swd_integral_log`
--
delete from `swd_integral_log`;

--
-- 导出表中的数据 `swd_login_log`
--
delete from `swd_login_log`;

--
-- 导出表中的数据 `swd_meal`
--
delete from `swd_meal`;

--
-- 导出表中的数据 `swd_meal_goods`
--
delete from `swd_meal_goods`;

--
-- 导出表中的数据 `swd_promotool_item`
--
delete from  `swd_promotool_item`;

--
-- 导出表中的数据 `swd_promotool_setting`
--
delete from `swd_promotool_setting`;


--
-- 导出表中的数据 `swd_report`
--
delete from `swd_report`;


--
-- 导出表中的数据 `swd_user_coupon`
--
delete from `swd_user_coupon`;

--
-- 导出表中的数据 `swd_user_priv`
--
delete from `swd_user_priv` where store_id > 0;
INSERT INTO `swd_user_priv` (`user_id`, `store_id`, `privs`) VALUES
({seller_id}, {seller_id}, 'all');
